,avg_sales
0,101000.0
1,89000.0
2,71500.0
3,65500.0
4,70000.0
5,62000.0
6,88000.0
7,57000.0
8,50000.0
9,49500.0
10,66500.0
11,70000.0
12,68500.0
13,56000.0
14,75500.0
15,58000.0
16,60500.0
17,65000.0
18,61000.0
19,70500.0
20,43500.0
21,45000.0
22,50000.0
23,62000.0
24,48000.0
25,53000.0
26,39000.0
27,63500.0
28,58500.0
29,46000.0
30,60000.0
31,57500.0
32,58000.0
33,61000.0
34,61500.0
35,67500.0
36,50500.0
37,37500.0
38,66000.0
39,64500.0
40,65000.0
41,48000.0
42,80000.0
43,48000.0
44,55500.0
45,55000.0
46,43500.0
47,74000.0
48,47500.0
49,63000.0
50,59000.0
51,44000.0
52,58500.0
53,59500.0
54,46500.0
55,39000.0
56,56500.0
57,63000.0
58,64500.0
59,79000.0
60,63500.0
61,71000.0
62,119000.0
63,64500.0
64,
65,60500.0
66,64000.0
67,67500.0
68,73000.0
69,50000.0
70,49000.0
71,76500.0
72,53000.0
73,56000.0
74,105000.0
75,92500.0
76,41000.0
77,36000.0
78,58000.0
79,9600.0
80,30000.0
81,84500.0
82,68500.0
83,42500.0
84,98000.0
85,102000.0
86,54500.0
87,76000.0
88,48500.0
89,57000.0
90,82500.0
91,48000.0
92,79500.0
93,73500.0
94,58500.0
95,62500.0
96,87000.0
97,109000.0
98,95500.0
99,53000.0
100,104000.0
101,62000.0
102,86500.0
103,77000.0
104,41500.0
105,140000.0
106,79000.0
107,58000.0
108,49500.0
109,43500.0
110,75000.0
111,79000.0
112,61000.0
113,68500.0
114,51500.0
115,65500.0
116,123000.0
117,94000.0
118,65500.0
119,77000.0
120,65500.0
121,145000.0
122,57500.0
123,61000.0
124,81000.0
125,130000.0
126,42000.0
127,63000.0
128,110000.0
129,45000.0
130,105000.0
131,69500.0
132,84500.0
133,68000.0
134,83500.0
135,44000.0
136,65000.0
137,89500.0
138,67000.0
139,49000.0
140,57000.0
141,68500.0
142,42500.0
143,51000.0
144,71500.0
145,49000.0
146,73500.0
147,56500.0
148,141000.0
149,69500.0
150,71000.0
151,70000.0
152,80000.0
153,73500.0
154,61500.0
155,62500.0
156,48000.0
157,65500.0
158,77000.0
159,9000.0
160,78500.0
161,96000.0
162,92000.0
163,58000.0
164,67500.0
165,48500.0
166,66500.0
167,45000.0
168,49000.0
169,85500.0
170,53500.0
171,64000.0
172,73500.0
173,77500.0
174,73000.0
175,76500.0
176,82500.0
177,131000.0
178,79500.0
179,75500.0
180,41000.0
181,66000.0
182,64500.0
183,71000.0
184,46000.0
185,65000.0
186,74500.0
187,62500.0
188,60500.0
189,65000.0
190,86500.0
191,63500.0
192,49000.0
193,25500.0
194,77500.0
195,77500.0
196,78500.0
197,77500.0
198,72000.0
199,71500.0
200,55000.0
201,70000.0
202,54000.0
203,74500.0
204,
205,58500.0
206,65500.0
207,85000.0
208,63500.0
209,72500.0
210,95500.0
211,71500.0
212,73500.0
213,99000.0
214,38500.0
215,77000.0
216,61000.0
217,104000.0
218,46000.0
219,64000.0
220,68000.0
221,90000.0
222,50000.0
223,97000.0
224,56500.0
225,80000.0
226,61500.0
227,42000.0
228,56000.0
229,78000.0
230,69500.0
231,49500.0
232,
233,73500.0
234,59500.0
235,63500.0
236,73500.0
237,90500.0
238,51500.0
239,113000.0
240,75000.0
241,90000.0
242,70500.0
243,45000.0
244,79000.0
245,77500.0
246,62000.0
247,64000.0
248,52000.0
249,98500.0
250,76000.0
251,53500.0
252,72500.0
253,77000.0
254,88000.0
255,52000.0
256,58000.0
257,73000.0
258,90000.0
259,55000.0
260,88500.0
261,105000.0
262,68500.0
263,77500.0
264,76500.0
265,86000.0
266,65500.0
267,113000.0
268,113000.0
269,82000.0
270,95000.0
271,108000.0
272,73000.0
273,93000.0
274,129000.0
275,61500.0
276,91500.0
277,67500.0
278,106000.0
279,106000.0
280,88500.0
281,44500.0
282,51500.0
283,50000.0
284,58000.0
285,66000.0
286,67500.0
287,52000.0
288,44000.0
289,76500.0
290,48500.0
291,24000.0
292,28000.0
293,28000.0
294,41500.0
295,37500.0
296,24000.0
297,38000.0
298,53500.0
299,55500.0
300,
301,
302,58500.0
303,41500.0
304,60000.0
305,50000.0
306,63000.0
307,
308,75000.0
309,49500.0
310,42500.0
311,87000.0
312,73000.0
313,67500.0
314,67000.0
315,72500.0
316,73000.0
317,84500.0
318,33000.0
319,63000.0
320,61500.0
321,67500.0
322,
323,33500.0
324,
325,57000.0
326,58000.0
327,128000.0
328,67500.0
329,75000.0
330,68500.0
331,91500.0
332,48000.0
333,69000.0
334,40000.0
335,66000.0
336,73000.0
337,67500.0
338,85000.0
339,123000.0
340,46000.0
341,49500.0
342,26000.0
343,62000.0
344,89000.0
345,75500.0
346,19500.0
347,67500.0
348,52000.0
349,18000.0
350,22000.0
351,85000.0
352,26000.0
353,34500.0
354,71000.0
355,27500.0
356,48000.0
357,54500.0
358,68000.0
359,
360,72000.0
361,23000.0
362,60000.0
363,65500.0
364,54000.0
365,48000.0
366,49500.0
367,61500.0
368,85500.0
369,55500.0
370,65000.0
371,86000.0
372,39500.0
373,79500.0
374,61000.0
375,61000.0
376,65500.0
377,58500.0
378,78500.0
379,83000.0
380,89000.0
381,63000.0
382,54000.0
383,61000.0
384,64000.0
385,61000.0
386,59000.0
387,
388,66000.0
389,46000.0
390,56500.0
391,80000.0
392,29500.0
393,56500.0
394,49500.0
395,58500.0
396,37000.0
397,33000.0
398,72500.0
399,80500.0
400,19500.0
401,52500.0
402,47500.0
403,
404,59500.0
405,72000.0
406,69000.0
407,82000.0
408,66000.0
409,52000.0
410,75000.0
411,13500.0
412,69500.0
413,56000.0
414,38500.0
415,56500.0
416,43000.0
417,72500.0
418,94500.0
419,80500.0
420,64500.0
421,44000.0
422,41500.0
423,64500.0
424,48000.0
425,44500.0
426,53500.0
427,
428,53500.0
429,78000.0
430,37000.0
431,47500.0
432,51500.0
433,46000.0
434,41500.0
435,84500.0
436,38000.0
437,38000.0
438,58000.0
439,56000.0
440,81500.0
441,25000.0
442,58000.0
443,29000.0
444,51000.0
445,55500.0
446,51500.0
447,71000.0
448,63000.0
449,71000.0
450,51500.0
451,36500.0
452,60500.0
453,63000.0
454,35500.0
455,45500.0
456,61000.0
457,22500.0
458,61000.0
459,47000.0
460,58000.0
461,43500.0
462,98500.0
463,54000.0
464,39500.0
465,31500.0
466,52500.0
467,46000.0
468,58500.0
469,66000.0
470,40000.0
471,57500.0
472,60000.0
473,57000.0
474,51500.0
475,41500.0
476,58500.0
477,63000.0
478,68000.0
479,48500.0
480,48000.0
481,69000.0
482,57500.0
483,51500.0
484,23500.0
485,63500.0
486,57000.0
487,46000.0
488,52500.0
489,51500.0
490,
491,57000.0
492,68000.0
493,68500.0
494,53000.0
495,35000.0
496,51000.0
497,60500.0
498,42500.0
499,64500.0
500,78000.0
501,45000.0
502,55500.0
503,48500.0
504,49500.0
505,57000.0
506,99500.0
507,89000.0
508,63000.0
509,95500.0
510,92000.0
511,75500.0
512,92000.0
513,32500.0
514,31500.0
515,33000.0
516,102000.0
517,96000.0
518,41000.0
519,107000.0
520,69500.0
521,111000.0
522,45500.0
523,52000.0
524,51500.0
525,70000.0
526,62000.0
527,80500.0
528,
529,81000.0
530,23000.0
531,69500.0
532,34000.0
533,28500.0
534,102000.0
535,87500.0
536,35000.0
537,86000.0
538,88500.0
539,60500.0
540,94000.0
541,102000.0
542,80500.0
543,65500.0
544,95000.0
545,76000.0
546,92000.0
547,72500.0
548,89000.0
549,86000.0
550,68000.0
551,67000.0
552,103000.0
553,94500.0
554,
555,65500.0
556,95500.0
557,78000.0
558,
559,84500.0
560,63500.0
561,65500.0
562,121000.0
563,110000.0
564,82500.0
565,99000.0
566,84500.0
567,80000.0
568,80500.0
569,72000.0
570,92500.0
571,83000.0
572,87000.0
573,101000.0
574,100000.0
575,69000.0
576,118000.0
577,69500.0
578,93000.0
579,91000.0
580,139000.0
581,48000.0
582,64000.0
583,70500.0
584,90000.0
585,45000.0
586,53500.0
587,88000.0
588,83000.0
589,66000.0
590,127000.0
591,119000.0
592,27500.0
593,70500.0
594,114000.0
595,
596,68500.0
597,92000.0
598,62000.0
599,68000.0
600,86500.0
601,77000.0
602,84500.0
603,75000.0
604,103000.0
605,70500.0
606,22000.0
607,88500.0
608,45000.0
609,71000.0
610,56500.0
611,105000.0
612,126000.0
613,108000.0
614,82500.0
615,13000.0
616,102000.0
617,64000.0
618,114000.0
619,37000.0
620,90500.0
621,85000.0
622,107000.0
623,85500.0
624,
625,99500.0
626,
627,82000.0
628,87500.0
629,130000.0
630,68000.0
631,74500.0
632,60000.0
633,127000.0
634,62000.0
635,106000.0
636,91500.0
637,89000.0
638,73500.0
639,98500.0
640,47000.0
641,101000.0
642,43000.0
643,45500.0
644,98000.0
645,95500.0
646,86500.0
647,60500.0
648,
649,90000.0
650,93000.0
651,57500.0
652,80500.0
653,98500.0
654,81000.0
655,52000.0
656,72000.0
657,65000.0
658,17500.0
659,77000.0
660,73500.0
661,95000.0
662,96000.0
663,76500.0
664,125000.0
665,82000.0
666,113000.0
667,92500.0
668,
669,76500.0
670,85500.0
671,
672,
673,109000.0
674,
675,77000.0
676,89000.0
677,98000.0
678,40000.0
679,70000.0
680,62000.0
681,80500.0
682,
683,81000.0
684,23000.0
685,69500.0
686,34000.0
687,28500.0
688,102000.0
689,87500.0
690,35000.0
691,86000.0
692,88500.0
693,60500.0
694,94000.0
695,102000.0
696,80500.0
697,65500.0
698,95000.0
699,76000.0
700,92000.0
701,72500.0
702,89000.0
703,86000.0
704,68000.0
705,67000.0
706,103000.0
707,94500.0
708,
709,65500.0
710,95500.0
711,78000.0
712,
713,84500.0
714,63500.0
715,65500.0
716,121000.0
717,110000.0
718,82500.0
719,99000.0
720,84500.0
721,80000.0
722,80500.0
723,72000.0
724,92500.0
725,83000.0
726,87000.0
727,101000.0
728,100000.0
729,69000.0
730,118000.0
731,69500.0
732,93000.0
733,91000.0
734,139000.0
735,48000.0
736,64000.0
737,70500.0
738,90000.0
739,45000.0
740,53500.0
741,88000.0
742,83000.0
743,66000.0
744,127000.0
745,119000.0
746,27500.0
747,70500.0
748,114000.0
749,
750,68500.0
751,92000.0
752,62000.0
753,68000.0
754,86500.0
755,77000.0
756,84500.0
757,75000.0
758,103000.0
759,70500.0
760,22000.0
761,88500.0
762,45000.0
763,71000.0
764,56500.0
765,105000.0
766,126000.0
767,108000.0
768,82500.0
769,13000.0
770,102000.0
771,64000.0
772,114000.0
773,37000.0
774,90500.0
775,85000.0
776,107000.0
777,85500.0
778,
779,99500.0
780,
781,82000.0
782,87500.0
783,130000.0
784,68000.0
785,74500.0
786,60000.0
787,127000.0
788,62000.0
789,106000.0
790,91500.0
791,89000.0
792,73500.0
793,98500.0
794,47000.0
795,101000.0
796,43000.0
797,45500.0
798,98000.0
799,95500.0
800,86500.0
801,60500.0
802,
803,90000.0
804,93000.0
805,57500.0
806,80500.0
807,98500.0
808,81000.0
809,52000.0
810,72000.0
811,65000.0
812,17500.0
813,77000.0
814,73500.0
815,95000.0
816,96000.0
817,76500.0
818,125000.0
819,82000.0
820,113000.0
821,92500.0
822,
823,76500.0
824,85500.0
825,
826,
827,109000.0
828,
829,77000.0
830,89000.0
831,98000.0
832,40000.0
833,99500.0
834,74500.0
835,82000.0
836,99500.0
837,69500.0
838,76000.0
839,80000.0
840,122000.0
841,63000.0
842,77500.0
843,79000.0
844,96500.0
845,91000.0
846,72500.0
847,98500.0
848,93500.0
849,146000.0
850,145000.0
851,37000.0
852,33500.0
853,52000.0
854,27000.0
855,55000.0
856,28000.0
857,67000.0
858,62000.0
859,60000.0
860,76000.0
861,
862,74000.0
863,74500.0
864,69500.0
865,95000.0
866,67000.0
867,93500.0
868,63500.0
869,57500.0
870,72500.0
871,69000.0
872,78500.0
873,74000.0
874,69000.0
875,70500.0
876,
877,202000.0
878,97500.0
879,98000.0
880,70500.0
881,52500.0
882,57000.0
883,
884,62500.0
885,63000.0
886,118000.0
887,132000.0
888,119000.0
889,62000.0
890,98000.0
891,123000.0
892,71000.0
893,115000.0
894,82500.0
895,35500.0
896,107000.0
897,70000.0
898,118000.0
899,132000.0
900,116000.0
901,92500.0
902,99000.0
903,74000.0
904,140000.0
905,76000.0
906,135000.0
907,122000.0
908,59500.0
909,131000.0
910,199000.0
911,109000.0
912,42500.0
913,64000.0
914,152000.0
915,96000.0
916,75000.0
917,125000.0
918,114000.0
919,132000.0
920,58500.0
921,119000.0
922,105000.0
923,117000.0
924,78500.0
925,123000.0
926,36000.0
927,47500.0
928,132000.0
929,55000.0
930,80000.0
931,164000.0
932,135000.0
933,
934,106000.0
935,112000.0
936,116000.0
937,81000.0
938,52500.0
939,115000.0
940,41500.0
941,148000.0
942,174000.0
943,55000.0
944,71000.0
945,105000.0
946,105000.0
947,151000.0
948,46000.0
949,42500.0
950,110000.0
951,180000.0
952,142000.0
953,143000.0
954,123000.0
955,59500.0
956,102000.0
957,65000.0
958,108000.0
959,118000.0
960,84000.0
961,145000.0
962,128000.0
963,61000.0
964,64000.0
965,176000.0
966,85500.0
967,98000.0
968,164000.0
969,38000.0
970,82000.0
971,165000.0
972,119000.0
973,37000.0
974,202000.0
975,50000.0
976,98000.0
977,41000.0
978,35500.0
979,166000.0
980,61500.0
981,82000.0
982,45500.0
983,30500.0
984,79500.0
985,50500.0
986,56000.0
987,155000.0
988,52500.0
989,60500.0
990,150000.0
991,64000.0
992,129000.0
993,53000.0
994,72000.0
995,63000.0
996,111000.0
997,47000.0
998,55000.0
999,
1000,64000.0
1001,218000.0
1002,59500.0
1003,41500.0
1004,63500.0
1005,110000.0
1006,78000.0
1007,
1008,69000.0
1009,140000.0
1010,78500.0
1011,
1012,69500.0
1013,97500.0
1014,73000.0
1015,93500.0
1016,109000.0
1017,131000.0
1018,46000.0
1019,101000.0
1020,118000.0
1021,164000.0
1022,96000.0
1023,208000.0
1024,267000.0
1025,110000.0
1026,238000.0
1027,114000.0
1028,136000.0
1029,154000.0
1030,207000.0
1031,124000.0
1032,124000.0
1033,125000.0
1034,66000.0
1035,200000.0
1036,151000.0
1037,142000.0
1038,33500.0
1039,122000.0
1040,110000.0
1041,135000.0
1042,53500.0
1043,60000.0
1044,98500.0
1045,83500.0
1046,119000.0
1047,122000.0
1048,213000.0
1049,72000.0
1050,111000.0
1051,54000.0
1052,77500.0
1053,56500.0
1054,108000.0
1055,140000.0
1056,86000.0
1057,74500.0
1058,176000.0
1059,100000.0
1060,130000.0
1061,55500.0
1062,60500.0
1063,117000.0
1064,56000.0
1065,150000.0
1066,112000.0
1067,
1068,102000.0
1069,140000.0
1070,76000.0
1071,69000.0
1072,128000.0
1073,120000.0
1074,68500.0
1075,67500.0
1076,87000.0
1077,97500.0
1078,83500.0
1079,217000.0
1080,75000.0
1081,
1082,122000.0
1083,65000.0
1084,77500.0
1085,54500.0
1086,61500.0
1087,109000.0
1088,79000.0
1089,74500.0
1090,59500.0
1091,13500.0
1092,56500.0
1093,83000.0
1094,135000.0
1095,92000.0
1096,94500.0
1097,81500.0
1098,134000.0
1099,65500.0
1100,78500.0
1101,83500.0
1102,147000.0
1103,
1104,147000.0
1105,79500.0
1106,148000.0
1107,
1108,155000.0
1109,63500.0
1110,90500.0
1111,83500.0
1112,132000.0
1113,79000.0
1114,73500.0
1115,75500.0
1116,105000.0
1117,98000.0
1118,136000.0
1119,119000.0
1120,88500.0
1121,96500.0
1122,64000.0
1123,94500.0
1124,69000.0
1125,92000.0
1126,97500.0
1127,103000.0
1128,101000.0
1129,83000.0
1130,114000.0
1131,92000.0
1132,129000.0
1133,68000.0
1134,155000.0
1135,112000.0
1136,136000.0
1137,17500.0
1138,171000.0
1139,62500.0
1140,130000.0
1141,120000.0
1142,75500.0
1143,74500.0
1144,113000.0
1145,127000.0
1146,96500.0
1147,116000.0
1148,78000.0
1149,131000.0
1150,149000.0
1151,35000.0
1152,125000.0
1153,72000.0
1154,93500.0
1155,105000.0
1156,134000.0
1157,208000.0
1158,57000.0
1159,37500.0
1160,73000.0
1161,77000.0
1162,95000.0
1163,96000.0
1164,208000.0
1165,267000.0
1166,110000.0
1167,238000.0
1168,114000.0
1169,136000.0
1170,154000.0
1171,207000.0
1172,124000.0
1173,124000.0
1174,125000.0
1175,66000.0
1176,200000.0
1177,151000.0
1178,142000.0
1179,33500.0
1180,122000.0
1181,110000.0
1182,135000.0
1183,53500.0
1184,60000.0
1185,98500.0
1186,83500.0
1187,119000.0
1188,122000.0
1189,213000.0
1190,72000.0
1191,111000.0
1192,54000.0
1193,77500.0
1194,56500.0
1195,108000.0
1196,140000.0
1197,86000.0
1198,74500.0
1199,176000.0
1200,100000.0
1201,130000.0
1202,55500.0
1203,60500.0
1204,117000.0
1205,56000.0
1206,150000.0
1207,112000.0
1208,
1209,102000.0
1210,140000.0
1211,76000.0
1212,69000.0
1213,128000.0
1214,120000.0
1215,68500.0
1216,67500.0
1217,87000.0
1218,97500.0
1219,83500.0
1220,217000.0
1221,75000.0
1222,
1223,122000.0
1224,65000.0
1225,77500.0
1226,54500.0
1227,61500.0
1228,109000.0
1229,79000.0
1230,74500.0
1231,59500.0
1232,13500.0
1233,56500.0
1234,83000.0
1235,135000.0
1236,92000.0
1237,94500.0
1238,81500.0
1239,134000.0
1240,65500.0
1241,78500.0
1242,83500.0
1243,147000.0
1244,
1245,147000.0
1246,79500.0
1247,148000.0
1248,
1249,155000.0
1250,63500.0
1251,90500.0
1252,83500.0
1253,132000.0
1254,79000.0
1255,73500.0
1256,75500.0
1257,105000.0
1258,98000.0
1259,136000.0
1260,119000.0
1261,88500.0
1262,96500.0
1263,64000.0
1264,94500.0
1265,69000.0
1266,92000.0
1267,97500.0
1268,103000.0
1269,101000.0
1270,83000.0
1271,114000.0
1272,92000.0
1273,129000.0
1274,68000.0
1275,155000.0
1276,112000.0
1277,136000.0
1278,17500.0
1279,171000.0
1280,62500.0
1281,130000.0
1282,120000.0
1283,75500.0
1284,74500.0
1285,113000.0
1286,127000.0
1287,96500.0
1288,116000.0
1289,78000.0
1290,131000.0
1291,149000.0
1292,35000.0
1293,125000.0
1294,72000.0
1295,93500.0
1296,105000.0
1297,134000.0
1298,208000.0
1299,57000.0
1300,37500.0
1301,73000.0
1302,77000.0
1303,95000.0
1304,166000.0
1305,175000.0
1306,118000.0
1307,128000.0
1308,114000.0
1309,154000.0
1310,
1311,174000.0
1312,143000.0
1313,197000.0
1314,154000.0
1315,165000.0
1316,108000.0
1317,107000.0
1318,112000.0
1319,
1320,143000.0
1321,101000.0
1322,77000.0
1323,148000.0
1324,110000.0
1325,171000.0
1326,71000.0
1327,32000.0
1328,160000.0
1329,173000.0
1330,26500.0
1331,127000.0
1332,
1333,115000.0
1334,62000.0
1335,34000.0
1336,180000.0
1337,104000.0
1338,156000.0
1339,139000.0
1340,125000.0
1341,133000.0
1342,125000.0
1343,229000.0
1344,181000.0
1345,166000.0
1346,124000.0
1347,200000.0
1348,114000.0
1349,179000.0
1350,88500.0
1351,117000.0
1352,142000.0
1353,213000.0
1354,248000.0
1355,102000.0
1356,213000.0
1357,125000.0
1358,
1359,
1360,135000.0
1361,195000.0
1362,120000.0
1363,199000.0
1364,174000.0
1365,122000.0
1366,221000.0
1367,140000.0
1368,104000.0
1369,133000.0
1370,128000.0
1371,136000.0
1372,280000.0
1373,136000.0
1374,118000.0
1375,211000.0
1376,22500.0
1377,80000.0
1378,124000.0
1379,223000.0
1380,87500.0
1381,157000.0
1382,204000.0
1383,232000.0
1384,22000.0
1385,144000.0
1386,132000.0
1387,85000.0
1388,215000.0
1389,248000.0
1390,125000.0
1391,153000.0
1392,92000.0
1393,72500.0
1394,132000.0
1395,221000.0
1396,121000.0
1397,140000.0
1398,87500.0
1399,177000.0
1400,212000.0
1401,174000.0
1402,100000.0
1403,123000.0
1404,198000.0
1405,122000.0
1406,112000.0
1407,91000.0
1408,140000.0
1409,105000.0
1410,161000.0
1411,152000.0
1412,123000.0
1413,93000.0
1414,116000.0
1415,92000.0
1416,83500.0
1417,89500.0
1418,81500.0
1419,82000.0
1420,66500.0
1421,158000.0
1422,98000.0
1423,76000.0
1424,88000.0
1425,74500.0
1426,80000.0
1427,79500.0
1428,146000.0
1429,76500.0
1430,145000.0
1431,51500.0
1432,111000.0
1433,22500.0
1434,73000.0
1435,102000.0
1436,79000.0
1437,114000.0
1438,126000.0
1439,96500.0
1440,44500.0
1441,48000.0
1442,64500.0
1443,
1444,84000.0
1445,89000.0
1446,92500.0
1447,109000.0
1448,64000.0
1449,88000.0
1450,80000.0
1451,181000.0
1452,208000.0
1453,227000.0
1454,
1455,273000.0
1456,350000.0
1457,244000.0
1458,
1459,158000.0
1460,178000.0
1461,134000.0
1462,251000.0
1463,196000.0
1464,235000.0
1465,183000.0
1466,317000.0
1467,224000.0
1468,262000.0
1469,238000.0
1470,215000.0
1471,196000.0
1472,269000.0
1473,217000.0
1474,117000.0
1475,198000.0
1476,147000.0
1477,187000.0
1478,162000.0
1479,244000.0
1480,237000.0
1481,226000.0
1482,236000.0
1483,73500.0
1484,165000.0
1485,65000.0
1486,151000.0
1487,161000.0
1488,137000.0
1489,194000.0
1490,48500.0
1491,185000.0
1492,75000.0
1493,196000.0
1494,275000.0
1495,36000.0
1496,29000.0
1497,291000.0
1498,215000.0
1499,127000.0
1500,145000.0
1501,171000.0
1502,229000.0
1503,163000.0
1504,144000.0
1505,172000.0
1506,519000.0
1507,370000.0
1508,318000.0
1509,254000.0
1510,245000.0
1511,32500.0
1512,41000.0
1513,59000.0
1514,355000.0
1515,145000.0
1516,174000.0
1517,210000.0
1518,324000.0
1519,127000.0
1520,
1521,299000.0
1522,197000.0
1523,156000.0
1524,139000.0
1525,30500.0
1526,144000.0
1527,188000.0
1528,230000.0
1529,357000.0
1530,299000.0
1531,189000.0
1532,356000.0
1533,274000.0
1534,265000.0
1535,126000.0
1536,179000.0
1537,
1538,36000.0
1539,287000.0
1540,330000.0
1541,298000.0
1542,225000.0
1543,218000.0
1544,317000.0
1545,251000.0
1546,216000.0
1547,209000.0
1548,210000.0
1549,202000.0
1550,372000.0
1551,
1552,144000.0
1553,390000.0
1554,258000.0
1555,
1556,299000.0
1557,278000.0
1558,233000.0
1559,52000.0
1560,409000.0
1561,224000.0
1562,107000.0
1563,181000.0
1564,214000.0
1565,242000.0
1566,271000.0
1567,196000.0
1568,185000.0
1569,367000.0
1570,218000.0
1571,273000.0
1572,94000.0
1573,243000.0
1574,158000.0
1575,301000.0
1576,271000.0
1577,255000.0
1578,207000.0
1579,211000.0
1580,218000.0
1581,277000.0
1582,168000.0
1583,319000.0
1584,636000.0
1585,158000.0
1586,148000.0
1587,247000.0
1588,179000.0
1589,248000.0
1590,231000.0
1591,320000.0
1592,
1593,198000.0
1594,281000.0
1595,236000.0
1596,147000.0
1597,227000.0
1598,213000.0
1599,348000.0
1600,225000.0
1601,155000.0
1602,134000.0
1603,187000.0
1604,275000.0
1605,106000.0
1606,194000.0
1607,323000.0
1608,97500.0
1609,213000.0
1610,105000.0
1611,200000.0
1612,144000.0
1613,100000.0
1614,83500.0
1615,39000.0
1616,179000.0
1617,202000.0
1618,122000.0
1619,108000.0
1620,235000.0
1621,305000.0
1622,200000.0
1623,180000.0
1624,219000.0
1625,98500.0
1626,240000.0
1627,237000.0
1628,187000.0
1629,304000.0
1630,181000.0
1631,177000.0
1632,465000.0
1633,32500.0
1634,137000.0
1635,128000.0
1636,137000.0
1637,139000.0
1638,115000.0
1639,138000.0
1640,184000.0
1641,221000.0
1642,
1643,58000.0
1644,85000.0
1645,263000.0
1646,231000.0
1647,239000.0
1648,58000.0
1649,91000.0
1650,270000.0
1651,
1652,135000.0
1653,37000.0
1654,128000.0
1655,24000.0
1656,140000.0
1657,143000.0
1658,254000.0
1659,346000.0
1660,281000.0
1661,331000.0
1662,48000.0
1663,210000.0
1664,144000.0
1665,185000.0
1666,262000.0
1667,160000.0
1668,202000.0
1669,230000.0
1670,
1671,252000.0
1672,148000.0
1673,244000.0
1674,242000.0
1675,164000.0
1676,141000.0
1677,
1678,263000.0
1679,296000.0
1680,255000.0
1681,156000.0
1682,267000.0
1683,209000.0
1684,244000.0
1685,224000.0
1686,19000.0
1687,37500.0
1688,218000.0
1689,196000.0
1690,185000.0
1691,171000.0
1692,234000.0
1693,175000.0
1694,70500.0
1695,403000.0
1696,165000.0
1697,125000.0
1698,205000.0
1699,189000.0
1700,130000.0
1701,372000.0
1702,70500.0
1703,
1704,224000.0
1705,
1706,232000.0
1707,296000.0
1708,254000.0
1709,
1710,110000.0
1711,154000.0
1712,182000.0
1713,123000.0
1714,294000.0
1715,286000.0
1716,302000.0
1717,218000.0
1718,154000.0
1719,117000.0
1720,144000.0
1721,190000.0
1722,140000.0
1723,250000.0
1724,161000.0
1725,123000.0
1726,167000.0
1727,216000.0
1728,286000.0
1729,155000.0
1730,215000.0
1731,191000.0
1732,177000.0
1733,43500.0
1734,268000.0
1735,
1736,247000.0
1737,54000.0
1738,265000.0
1739,202000.0
1740,175000.0
1741,37500.0
1742,135000.0
1743,199000.0
1744,276000.0
1745,196000.0
1746,250000.0
1747,265000.0
1748,42500.0
1749,207000.0
1750,199000.0
1751,312000.0
1752,85000.0
1753,170000.0
1754,259000.0
1755,123000.0
1756,199000.0
1757,162000.0
1758,118000.0
1759,151000.0
1760,172000.0
1761,136000.0
1762,110000.0
1763,201000.0
1764,311000.0
1765,221000.0
1766,164000.0
1767,171000.0
1768,45000.0
1769,81000.0
1770,245000.0
1771,195000.0
1772,208000.0
1773,124000.0
1774,180000.0
1775,144000.0
1776,115000.0
1777,142000.0
1778,96000.0
1779,112000.0
1780,206000.0
1781,137000.0
1782,46500.0
1783,147000.0
1784,17000.0
1785,122000.0
1786,19500.0
1787,194000.0
1788,150000.0
1789,102000.0
1790,
1791,320000.0
1792,23500.0
1793,291000.0
1794,37500.0
1795,109000.0
1796,147000.0
1797,38500.0
1798,281000.0
1799,50500.0
1800,283000.0
1801,267000.0
1802,157000.0
1803,
1804,279000.0
1805,37500.0
1806,200000.0
1807,77500.0
1808,107000.0
1809,197000.0
1810,276000.0
1811,222000.0
1812,
1813,56000.0
1814,126000.0
1815,427000.0
1816,96000.0
1817,361000.0
1818,
1819,188000.0
1820,260000.0
1821,149000.0
1822,145000.0
1823,121000.0
1824,
1825,162000.0
1826,105000.0
1827,162000.0
1828,289000.0
1829,389000.0
1830,108000.0
1831,179000.0
1832,177000.0
1833,223000.0
1834,181000.0
1835,150000.0
1836,173000.0
1837,172000.0
1838,85500.0
1839,152000.0
1840,166000.0
1841,198000.0
1842,168000.0
1843,138000.0
1844,164000.0
1845,175000.0
1846,178000.0
1847,145000.0
1848,153000.0
1849,184000.0
1850,194000.0
1851,183000.0
1852,180000.0
1853,230000.0
1854,184000.0
1855,160000.0
1856,201000.0
1857,62000.0
1858,217000.0
1859,214000.0
1860,188000.0
1861,161000.0
1862,182000.0
1863,178000.0
1864,160000.0
1865,247000.0
1866,177000.0
1867,220000.0
1868,209000.0
1869,222000.0
1870,155000.0
1871,192000.0
1872,126000.0
1873,30000.0
1874,160000.0
1875,179000.0
1876,108000.0
1877,213000.0
1878,35500.0
1879,175000.0
1880,160000.0
1881,48000.0
1882,182000.0
1883,50000.0
1884,220000.0
1885,172000.0
1886,195000.0
1887,95500.0
1888,126000.0
1889,219000.0
1890,204000.0
1891,188000.0
1892,189000.0
1893,35000.0
1894,336000.0
1895,175000.0
1896,176000.0
1897,181000.0
1898,302000.0
1899,167000.0
1900,196000.0
1901,326000.0
1902,188000.0
1903,322000.0
1904,181000.0
1905,208000.0
1906,227000.0
1907,
1908,273000.0
1909,350000.0
1910,244000.0
1911,
1912,158000.0
1913,178000.0
1914,134000.0
1915,251000.0
1916,196000.0
1917,235000.0
1918,183000.0
1919,317000.0
1920,224000.0
1921,262000.0
1922,238000.0
1923,215000.0
1924,196000.0
1925,269000.0
1926,217000.0
1927,117000.0
1928,198000.0
1929,147000.0
1930,187000.0
1931,162000.0
1932,244000.0
1933,237000.0
1934,226000.0
1935,236000.0
1936,73500.0
1937,165000.0
1938,65000.0
1939,151000.0
1940,161000.0
1941,137000.0
1942,194000.0
1943,48500.0
1944,185000.0
1945,75000.0
1946,196000.0
1947,275000.0
1948,36000.0
1949,29000.0
1950,291000.0
1951,215000.0
1952,127000.0
1953,145000.0
1954,171000.0
1955,229000.0
1956,163000.0
1957,144000.0
1958,172000.0
1959,519000.0
1960,370000.0
1961,318000.0
1962,254000.0
1963,245000.0
1964,32500.0
1965,41000.0
1966,59000.0
1967,355000.0
1968,145000.0
1969,174000.0
1970,210000.0
1971,324000.0
1972,127000.0
1973,
1974,299000.0
1975,197000.0
1976,156000.0
1977,139000.0
1978,30500.0
1979,144000.0
1980,188000.0
1981,230000.0
1982,357000.0
1983,299000.0
1984,189000.0
1985,356000.0
1986,274000.0
1987,265000.0
1988,126000.0
1989,179000.0
1990,
1991,36000.0
1992,287000.0
1993,330000.0
1994,298000.0
1995,225000.0
1996,218000.0
1997,317000.0
1998,251000.0
1999,216000.0
2000,209000.0
2001,210000.0
2002,202000.0
2003,372000.0
2004,
2005,144000.0
2006,390000.0
2007,258000.0
2008,
2009,299000.0
2010,278000.0
2011,233000.0
2012,52000.0
2013,409000.0
2014,224000.0
2015,107000.0
2016,181000.0
2017,214000.0
2018,242000.0
2019,271000.0
2020,196000.0
2021,185000.0
2022,367000.0
2023,218000.0
2024,273000.0
2025,94000.0
2026,243000.0
2027,158000.0
2028,301000.0
2029,271000.0
2030,255000.0
2031,207000.0
2032,211000.0
2033,218000.0
2034,277000.0
2035,168000.0
2036,319000.0
2037,636000.0
2038,158000.0
2039,148000.0
2040,247000.0
2041,179000.0
2042,248000.0
2043,231000.0
2044,320000.0
2045,
2046,198000.0
2047,281000.0
2048,236000.0
2049,147000.0
2050,227000.0
2051,213000.0
2052,348000.0
2053,225000.0
2054,155000.0
2055,134000.0
2056,187000.0
2057,275000.0
2058,106000.0
2059,194000.0
2060,323000.0
2061,97500.0
2062,213000.0
2063,105000.0
2064,200000.0
2065,144000.0
2066,100000.0
2067,83500.0
2068,39000.0
2069,179000.0
2070,202000.0
2071,122000.0
2072,108000.0
2073,235000.0
2074,305000.0
2075,200000.0
2076,180000.0
2077,219000.0
2078,98500.0
2079,240000.0
2080,237000.0
2081,187000.0
2082,304000.0
2083,181000.0
2084,177000.0
2085,465000.0
2086,181000.0
2087,208000.0
2088,227000.0
2089,
2090,273000.0
2091,350000.0
2092,244000.0
2093,
2094,158000.0
2095,178000.0
2096,134000.0
2097,251000.0
2098,196000.0
2099,235000.0
2100,183000.0
2101,317000.0
2102,224000.0
2103,262000.0
2104,238000.0
2105,215000.0
2106,196000.0
2107,269000.0
2108,217000.0
2109,117000.0
2110,198000.0
2111,147000.0
2112,187000.0
2113,162000.0
2114,244000.0
2115,237000.0
2116,226000.0
2117,236000.0
2118,73500.0
2119,165000.0
2120,65000.0
2121,151000.0
2122,161000.0
2123,137000.0
2124,194000.0
2125,48500.0
2126,185000.0
2127,75000.0
2128,196000.0
2129,275000.0
2130,36000.0
2131,29000.0
2132,291000.0
2133,215000.0
2134,127000.0
2135,145000.0
2136,171000.0
2137,229000.0
2138,163000.0
2139,144000.0
2140,172000.0
2141,519000.0
2142,370000.0
2143,318000.0
2144,254000.0
2145,245000.0
2146,32500.0
2147,41000.0
2148,59000.0
2149,355000.0
2150,145000.0
2151,174000.0
2152,210000.0
2153,324000.0
2154,127000.0
2155,
2156,299000.0
2157,197000.0
2158,156000.0
2159,139000.0
2160,30500.0
2161,144000.0
2162,188000.0
2163,230000.0
2164,357000.0
2165,299000.0
2166,189000.0
2167,356000.0
2168,274000.0
2169,265000.0
2170,126000.0
2171,179000.0
2172,
2173,36000.0
2174,287000.0
2175,330000.0
2176,298000.0
2177,225000.0
2178,218000.0
2179,317000.0
2180,251000.0
2181,216000.0
2182,209000.0
2183,210000.0
2184,202000.0
2185,372000.0
2186,
2187,144000.0
2188,390000.0
2189,258000.0
2190,
2191,299000.0
2192,278000.0
2193,233000.0
2194,52000.0
2195,409000.0
2196,224000.0
2197,107000.0
2198,181000.0
2199,214000.0
2200,242000.0
2201,271000.0
2202,196000.0
2203,185000.0
2204,367000.0
2205,218000.0
2206,273000.0
2207,94000.0
2208,243000.0
2209,158000.0
2210,301000.0
2211,271000.0
2212,255000.0
2213,207000.0
2214,211000.0
2215,218000.0
2216,277000.0
2217,168000.0
2218,319000.0
2219,636000.0
2220,158000.0
2221,148000.0
2222,247000.0
2223,179000.0
2224,248000.0
2225,231000.0
2226,320000.0
2227,
2228,198000.0
2229,281000.0
2230,236000.0
2231,147000.0
2232,227000.0
2233,213000.0
2234,348000.0
2235,225000.0
2236,155000.0
2237,134000.0
2238,187000.0
2239,275000.0
2240,106000.0
2241,194000.0
2242,323000.0
2243,97500.0
2244,213000.0
2245,105000.0
2246,200000.0
2247,144000.0
2248,100000.0
2249,83500.0
2250,39000.0
2251,179000.0
2252,202000.0
2253,122000.0
2254,108000.0
2255,235000.0
2256,305000.0
2257,200000.0
2258,180000.0
2259,219000.0
2260,98500.0
2261,240000.0
2262,237000.0
2263,187000.0
2264,304000.0
2265,181000.0
2266,177000.0
2267,465000.0
2268,138000.0
2269,146000.0
2270,160000.0
2271,143000.0
2272,168000.0
2273,165000.0
2274,114000.0
2275,91000.0
2276,147000.0
2277,123000.0
2278,111000.0
2279,173000.0
2280,114000.0
2281,194000.0
2282,147000.0
2283,141000.0
2284,197000.0
2285,22000.0
2286,212000.0
2287,258000.0
2288,162000.0
2289,156000.0
2290,208000.0
2291,
2292,164000.0
2293,50500.0
2294,148000.0
2295,191000.0
2296,155000.0
2297,117000.0
2298,174000.0
2299,137000.0
2300,61000.0
2301,83000.0
2302,166000.0
2303,94500.0
2304,68500.0
2305,158000.0
2306,183000.0
2307,221000.0
2308,227000.0
2309,192000.0
2310,209000.0
2311,97500.0
2312,218000.0
2313,44500.0
2314,295000.0
2315,143000.0
2316,206000.0
2317,126000.0
2318,
2319,151000.0
2320,82500.0
2321,146000.0
2322,74500.0
2323,32500.0
2324,89000.0
2325,37500.0
2326,137000.0
2327,200000.0
2328,218000.0
2329,84000.0
2330,393000.0
2331,66000.0
2332,46000.0
2333,53500.0
2334,62000.0
2335,23500.0
2336,84000.0
2337,22500.0
2338,99500.0
2339,40000.0
2340,
2341,69000.0
2342,73000.0
2343,71500.0
2344,130000.0
2345,73500.0
2346,47000.0
2347,125000.0
2348,105000.0
2349,67500.0
2350,65500.0
2351,73500.0
2352,69500.0
2353,40000.0
2354,118000.0
2355,80500.0
2356,48500.0
2357,77000.0
2358,94000.0
2359,86500.0
2360,77000.0
2361,96500.0
2362,75000.0
2363,62500.0
2364,54500.0
2365,124000.0
2366,51500.0
2367,62000.0
2368,89500.0
2369,28500.0
2370,40500.0
2371,71500.0
2372,55000.0
2373,49000.0
2374,
2375,75000.0
2376,46000.0
2377,83000.0
2378,39500.0
2379,
2380,91000.0
2381,
2382,46500.0
2383,78000.0
2384,73500.0
2385,101000.0
2386,63500.0
2387,67500.0
2388,91000.0
2389,119000.0
2390,62500.0
2391,45500.0
2392,94000.0
2393,114000.0
2394,35000.0
2395,21500.0
2396,104000.0
2397,103000.0
2398,
2399,71000.0
2400,45000.0
2401,63000.0
2402,26500.0
2403,64000.0
2404,77500.0
2405,62500.0
2406,48000.0
2407,62500.0
2408,45000.0
2409,135000.0
2410,30500.0
2411,69500.0
2412,98000.0
2413,103000.0
2414,66000.0
2415,73000.0
2416,79500.0
2417,67500.0
2418,94500.0
2419,65000.0
2420,46500.0
2421,56000.0
2422,22000.0
2423,60000.0
2424,39500.0
2425,65000.0
2426,53000.0
2427,29000.0
2428,82500.0
2429,74000.0
2430,58000.0
2431,93500.0
2432,70000.0
2433,95000.0
2434,68000.0
2435,55000.0
2436,43000.0
2437,61500.0
2438,61500.0
2439,37000.0
2440,64000.0
2441,114000.0
2442,60500.0
2443,95000.0
2444,90000.0
2445,36000.0
2446,92500.0
2447,107000.0
2448,81500.0
2449,26000.0
2450,60500.0
2451,48500.0
2452,87500.0
2453,34000.0
2454,100000.0
2455,58500.0
2456,57000.0
2457,
2458,88000.0
2459,46000.0
2460,79000.0
2461,27000.0
2462,49000.0
2463,52500.0
2464,60000.0
2465,94500.0
2466,66000.0
2467,18500.0
2468,142000.0
2469,
2470,46500.0
2471,63000.0
2472,56000.0
2473,62500.0
2474,75500.0
2475,79000.0
2476,52500.0
2477,42500.0
2478,123000.0
2479,106000.0
2480,84000.0
2481,82000.0
2482,28000.0
2483,88500.0
2484,58500.0
2485,49000.0
2486,41500.0
2487,124000.0
2488,13500.0
2489,118000.0
2490,80000.0
2491,95500.0
2492,65000.0
2493,88500.0
2494,127000.0
2495,89500.0
2496,38000.0
2497,161000.0
2498,121000.0
2499,138000.0
2500,109000.0
2501,104000.0
2502,134000.0
2503,150000.0
2504,74500.0
2505,55500.0
2506,190000.0
2507,8000.0
2508,179000.0
2509,37000.0
2510,25000.0
2511,44000.0
2512,145000.0
2513,177000.0
2514,194000.0
2515,87000.0
2516,70000.0
2517,100000.0
2518,140000.0
2519,136000.0
2520,147000.0
2521,45500.0
2522,144000.0
2523,75000.0
2524,48000.0
2525,26500.0
2526,130000.0
2527,138000.0
2528,161000.0
2529,53000.0
2530,100000.0
2531,148000.0
2532,41500.0
2533,110000.0
2534,80000.0
2535,65000.0
2536,141000.0
2537,
2538,134000.0
2539,112000.0
2540,16500.0
2541,43500.0
2542,164000.0
2543,113000.0
2544,89000.0
2545,113000.0
2546,52000.0
2547,181000.0
2548,135000.0
2549,38500.0
2550,135000.0
2551,143000.0
2552,62000.0
2553,48000.0
2554,105000.0
2555,132000.0
2556,45000.0
2557,89000.0
2558,31000.0
2559,97000.0
2560,131000.0
2561,152000.0
2562,153000.0
2563,156000.0
2564,30500.0
2565,57000.0
2566,81000.0
2567,94000.0
2568,136000.0
2569,118000.0
2570,84000.0
2571,111000.0
2572,112000.0
2573,183000.0
2574,148000.0
2575,331000.0
2576,39000.0
2577,
2578,113000.0
2579,140000.0
2580,64000.0
2581,98000.0
2582,11500.0
2583,51000.0
2584,155000.0
2585,
2586,128000.0
2587,45000.0
2588,108000.0
2589,155000.0
2590,114000.0
2591,74500.0
2592,147000.0
2593,180000.0
2594,128000.0
2595,112000.0
2596,17000.0
2597,85500.0
2598,53500.0
2599,44000.0
2600,88000.0
2601,30500.0
2602,29000.0
2603,94000.0
2604,82500.0
2605,187000.0
2606,127000.0
2607,151000.0
2608,193000.0
2609,150000.0
2610,81000.0
2611,212000.0
2612,90500.0
2613,99500.0
2614,95000.0
2615,
2616,20500.0
2617,104000.0
2618,41000.0
2619,36000.0
2620,53500.0
2621,53500.0
2622,27000.0
2623,10000.0
2624,22500.0
2625,27000.0
2626,24000.0
2627,15000.0
2628,23500.0
2629,29500.0
2630,41000.0
2631,39500.0
2632,23500.0
2633,13500.0
2634,41000.0
2635,23000.0
2636,50500.0
2637,15500.0
2638,32000.0
2639,12500.0
2640,17000.0
2641,60000.0
2642,28000.0
2643,36000.0
2644,
2645,43500.0
2646,26500.0
2647,23500.0
2648,28000.0
2649,8400.0
2650,
2651,
2652,
2653,20500.0
2654,77500.0
2655,33500.0
2656,57500.0
2657,23000.0
2658,27000.0
2659,49000.0
2660,20500.0
2661,
2662,17500.0
2663,
2664,18000.0
2665,36500.0
2666,22500.0
2667,25500.0
2668,
2669,23500.0
2670,
2671,14500.0
2672,11000.0
2673,
2674,34500.0
2675,33000.0
2676,71000.0
2677,31000.0
2678,
2679,24000.0
2680,32000.0
2681,26000.0
2682,33500.0
2683,45000.0
2684,51000.0
2685,9700.0
2686,48000.0
2687,45000.0
2688,
2689,46000.0
2690,
2691,35000.0
2692,44000.0
2693,26000.0
2694,75000.0
2695,33000.0
2696,
2697,15000.0
2698,24000.0
2699,15500.0
2700,26000.0
2701,7900.0
2702,
2703,22000.0
2704,35500.0
2705,33500.0
2706,46000.0
2707,16500.0
2708,
2709,39000.0
2710,13500.0
2711,33000.0
2712,22500.0
2713,9200.0
2714,
2715,30000.0
2716,17000.0
2717,
2718,45000.0
2719,
2720,31500.0
2721,65500.0
2722,58000.0
2723,
2724,12000.0
2725,23000.0
2726,42500.0
2727,
2728,
2729,23000.0
2730,
2731,56500.0
2732,
2733,16500.0
2734,21000.0
2735,28500.0
2736,70500.0
2737,19000.0
2738,34500.0
2739,
2740,28000.0
2741,7300.0
2742,22000.0
2743,17500.0
2744,
2745,29500.0
2746,
2747,23000.0
2748,60000.0
2749,
2750,36000.0
2751,64000.0
2752,27500.0
2753,24000.0
2754,16000.0
2755,
2756,57000.0
2757,44000.0
2758,
2759,12000.0
2760,
2761,
2762,
2763,9700.0
2764,27000.0
2765,39000.0
2766,
2767,
2768,13500.0
2769,89500.0
2770,60500.0
2771,
2772,48500.0
2773,
2774,30000.0
2775,15500.0
2776,26500.0
2777,65500.0
2778,35000.0
2779,55000.0
2780,31500.0
2781,88000.0
2782,14500.0
2783,53000.0
2784,15000.0
2785,16500.0
2786,13500.0
2787,39500.0
2788,28000.0
2789,48500.0
2790,81000.0
2791,17500.0
2792,53500.0
2793,34000.0
2794,16500.0
2795,22500.0
2796,
2797,15500.0
2798,42000.0
2799,74000.0
2800,30000.0
2801,45000.0
2802,56000.0
2803,87500.0
2804,34500.0
2805,16500.0
2806,49500.0
2807,119000.0
2808,18500.0
2809,18000.0
2810,8000.0
2811,49500.0
2812,68000.0
2813,116000.0
2814,112000.0
2815,
2816,84000.0
2817,19000.0
2818,23000.0
2819,25500.0
2820,
2821,45500.0
2822,71000.0
2823,20500.0
2824,33000.0
2825,22000.0
2826,73500.0
2827,59500.0
2828,18500.0
2829,104000.0
2830,21000.0
2831,38000.0
2832,120000.0
2833,
2834,42500.0
2835,55500.0
2836,23500.0
2837,45500.0
2838,46000.0
2839,93000.0
2840,67500.0
2841,18500.0
2842,38000.0
2843,16000.0
2844,40500.0
2845,87000.0
2846,13500.0
2847,39000.0
2848,80000.0
2849,55000.0
2850,79500.0
2851,25000.0
2852,23000.0
2853,
2854,15000.0
2855,58500.0
2856,16000.0
2857,33000.0
2858,
2859,
2860,15000.0
2861,23500.0
2862,
2863,52000.0
2864,23500.0
2865,
2866,148000.0
2867,115000.0
2868,110000.0
2869,103000.0
2870,36500.0
2871,108000.0
2872,58500.0
2873,150000.0
2874,74500.0
2875,55500.0
2876,190000.0
2877,8000.0
2878,179000.0
2879,37000.0
2880,25000.0
2881,44000.0
2882,145000.0
2883,177000.0
2884,194000.0
2885,87000.0
2886,70000.0
2887,100000.0
2888,140000.0
2889,136000.0
2890,147000.0
2891,45500.0
2892,144000.0
2893,75000.0
2894,48000.0
2895,26500.0
2896,130000.0
2897,138000.0
2898,161000.0
2899,53000.0
2900,100000.0
2901,148000.0
2902,41500.0
2903,110000.0
2904,80000.0
2905,65000.0
2906,141000.0
2907,
2908,134000.0
2909,112000.0
2910,16500.0
2911,43500.0
2912,164000.0
2913,113000.0
2914,89000.0
2915,113000.0
2916,52000.0
2917,181000.0
2918,135000.0
2919,38500.0
2920,135000.0
2921,143000.0
2922,62000.0
2923,48000.0
2924,105000.0
2925,132000.0
2926,45000.0
2927,89000.0
2928,31000.0
2929,97000.0
2930,131000.0
2931,152000.0
2932,153000.0
2933,156000.0
2934,30500.0
2935,57000.0
2936,81000.0
2937,94000.0
2938,136000.0
2939,118000.0
2940,84000.0
2941,111000.0
2942,112000.0
2943,183000.0
2944,148000.0
2945,331000.0
2946,39000.0
2947,
2948,113000.0
2949,140000.0
2950,64000.0
2951,98000.0
2952,11500.0
2953,51000.0
2954,155000.0
2955,
2956,128000.0
2957,45000.0
2958,108000.0
2959,155000.0
2960,114000.0
2961,74500.0
2962,147000.0
2963,180000.0
2964,128000.0
2965,112000.0
2966,17000.0
2967,85500.0
2968,53500.0
2969,44000.0
2970,88000.0
2971,30500.0
2972,29000.0
2973,94000.0
2974,82500.0
2975,187000.0
2976,127000.0
2977,151000.0
2978,193000.0
2979,150000.0
2980,81000.0
2981,212000.0
2982,90500.0
2983,99500.0
2984,95000.0
2985,
2986,20500.0
2987,104000.0
2988,23500.0
2989,19500.0
2990,
2991,24000.0
2992,25000.0
2993,14500.0
2994,13000.0
2995,25500.0
2996,21000.0
2997,29500.0
2998,8500.0
2999,18000.0
3000,7400.0
3001,23000.0
3002,13000.0
3003,9000.0
3004,28000.0
3005,13500.0
3006,37500.0
3007,27000.0
3008,16500.0
3009,8300.0
3010,22000.0
3011,18500.0
3012,11500.0
3013,23000.0
3014,20500.0
3015,14000.0
3016,18500.0
3017,11000.0
3018,
3019,
3020,8500.0
3021,16000.0
3022,15500.0
3023,12500.0
3024,
3025,21000.0
3026,13000.0
3027,22000.0
3028,20500.0
3029,40500.0
3030,9200.0
3031,27500.0
3032,14500.0
3033,21500.0
3034,28500.0
3035,18500.0
3036,22000.0
3037,20000.0
3038,16500.0
3039,29000.0
3040,34000.0
3041,14500.0
3042,30000.0
3043,5400.0
3044,25500.0
3045,24000.0
3046,23000.0
3047,20000.0
3048,21500.0
3049,21500.0
3050,11500.0
3051,27000.0
3052,15000.0
3053,14500.0
3054,12000.0
3055,16000.0
3056,7500.0
3057,17500.0
3058,12500.0
3059,
3060,21500.0
3061,20500.0
3062,25000.0
3063,9900.0
3064,7000.0
3065,23500.0
3066,13500.0
3067,21500.0
3068,20000.0
3069,20500.0
3070,13500.0
3071,26500.0
3072,11000.0
3073,21000.0
3074,19000.0
3075,62000.0
3076,13500.0
3077,17000.0
3078,22500.0
3079,12000.0
3080,18000.0
3081,18500.0
3082,27500.0
3083,8500.0
3084,9600.0
3085,14000.0
3086,16000.0
3087,8500.0
3088,32000.0
3089,7000.0
3090,11500.0
3091,12500.0
3092,16500.0
3093,25500.0
3094,
3095,10000.0
3096,
3097,13000.0
3098,16000.0
3099,9400.0
3100,53000.0
3101,12500.0
3102,45000.0
3103,16500.0
3104,8900.0
3105,57000.0
3106,10000.0
3107,11000.0
3108,14000.0
3109,54000.0
3110,16000.0
3111,51000.0
3112,18000.0
3113,11500.0
3114,17000.0
3115,51500.0
3116,58000.0
3117,48500.0
3118,23000.0
3119,15000.0
3120,67500.0
3121,50000.0
3122,9100.0
3123,8600.0
3124,44000.0
3125,12000.0
3126,52000.0
3127,55500.0
3128,12000.0
3129,40500.0
3130,45000.0
3131,57000.0
3132,9000.0
3133,21000.0
3134,50500.0
3135,23000.0
3136,47500.0
3137,19000.0
3138,11500.0
3139,60000.0
3140,14500.0
3141,16500.0
3142,30500.0
3143,14500.0
3144,24500.0
3145,26500.0
3146,33000.0
3147,25000.0
3148,22500.0
3149,21500.0
3150,19000.0
3151,29000.0
3152,19500.0
3153,51500.0
3154,29500.0
3155,59000.0
3156,22000.0
3157,9300.0
3158,60500.0
3159,19000.0
3160,15500.0
3161,19500.0
3162,27000.0
3163,13000.0
3164,21000.0
3165,50000.0
3166,21000.0
3167,55000.0
3168,30500.0
3169,36500.0
3170,45500.0
3171,35500.0
3172,29500.0
3173,30500.0
3174,9300.0
3175,29000.0
3176,22000.0
3177,11000.0
3178,4600.0
3179,37500.0
3180,21500.0
3181,24000.0
3182,32000.0
3183,34500.0
3184,51500.0
3185,23500.0
3186,12500.0
3187,20000.0
3188,31000.0
3189,40500.0
3190,6500.0
3191,11000.0
3192,28000.0
3193,24500.0
3194,24000.0
3195,20000.0
3196,37500.0
3197,6000.0
3198,14500.0
3199,30500.0
3200,6500.0
3201,14000.0
3202,36000.0
3203,5000.0
3204,22000.0
3205,29000.0
3206,15500.0
3207,7600.0
3208,9000.0
3209,32000.0
3210,10500.0
3211,44000.0
3212,17000.0
3213,19500.0
3214,26000.0
3215,43000.0
3216,8300.0
3217,29500.0
3218,11500.0
3219,32500.0
3220,9100.0
3221,3300.0
3222,13000.0
3223,10000.0
3224,13500.0
3225,17500.0
3226,18500.0
3227,20500.0
3228,21500.0
3229,17500.0
3230,21500.0
3231,
3232,17000.0
3233,19000.0
3234,28500.0
3235,20000.0
3236,14000.0
3237,
3238,27000.0
3239,17000.0
3240,18000.0
3241,34000.0
3242,24000.0
3243,25000.0
3244,38000.0
3245,27000.0
3246,43500.0
3247,25000.0
3248,21500.0
3249,10000.0
3250,17500.0
3251,7400.0
3252,25000.0
3253,53500.0
3254,7700.0
3255,15500.0
3256,12000.0
3257,13500.0
3258,
3259,4700.0
3260,25000.0
3261,23500.0
3262,30000.0
3263,12000.0
3264,27500.0
3265,27000.0
3266,23500.0
3267,15000.0
3268,5500.0
3269,19000.0
3270,19000.0
3271,24500.0
3272,10500.0
3273,17500.0
3274,11000.0
3275,12500.0
3276,57500.0
3277,26000.0
3278,41000.0
3279,27500.0
3280,55000.0
3281,63000.0
3282,16500.0
3283,16500.0
3284,33000.0
3285,14500.0
3286,77500.0
3287,
3288,24500.0
3289,68000.0
3290,38500.0
3291,58000.0
3292,23000.0
3293,21000.0
3294,9900.0
3295,18500.0
3296,65000.0
3297,88500.0
3298,32000.0
3299,27000.0
3300,
3301,55500.0
3302,38000.0
3303,48000.0
3304,26500.0
3305,19000.0
3306,29000.0
3307,26500.0
3308,67000.0
3309,32500.0
3310,19500.0
3311,22500.0
3312,19500.0
3313,23000.0
3314,28000.0
3315,29500.0
3316,25000.0
3317,24000.0
3318,45500.0
3319,
3320,15500.0
3321,6900.0
3322,17500.0
3323,22500.0
3324,12500.0
3325,17000.0
3326,14500.0
3327,36000.0
3328,19000.0
3329,15000.0
3330,12500.0
3331,7800.0
3332,16000.0
3333,23000.0
3334,28500.0
3335,9100.0
3336,51500.0
3337,18000.0
3338,6200.0
3339,19000.0
3340,
3341,36500.0
3342,5200.0
3343,22000.0
3344,15500.0
3345,
3346,5300.0
3347,27500.0
3348,
3349,8300.0
3350,
3351,17500.0
3352,28500.0
3353,19000.0
3354,45000.0
3355,56500.0
3356,24500.0
3357,
3358,43500.0
3359,22500.0
3360,17000.0
3361,30000.0
3362,8000.0
3363,11500.0
3364,46500.0
3365,15500.0
3366,12500.0
3367,20000.0
3368,35500.0
3369,43000.0
3370,40000.0
3371,19500.0
3372,17500.0
3373,7500.0
3374,28500.0
3375,26000.0
3376,26500.0
3377,18000.0
3378,14500.0
3379,20000.0
3380,43500.0
3381,
3382,3800.0
3383,7000.0
3384,7000.0
3385,7800.0
3386,8300.0
3387,7600.0
3388,3900.0
3389,6200.0
3390,9600.0
3391,5500.0
3392,13000.0
3393,17000.0
3394,7400.0
3395,28500.0
3396,10500.0
3397,4800.0
3398,26000.0
3399,41000.0
3400,27500.0
3401,55000.0
3402,63000.0
3403,16500.0
3404,16500.0
3405,33000.0
3406,14500.0
3407,77500.0
3408,
3409,24500.0
3410,68000.0
3411,38500.0
3412,58000.0
3413,23000.0
3414,21000.0
3415,9900.0
3416,18500.0
3417,65000.0
3418,88500.0
3419,32000.0
3420,27000.0
3421,
3422,55500.0
3423,38000.0
3424,48000.0
3425,26500.0
3426,19000.0
3427,29000.0
3428,26500.0
3429,67000.0
3430,32500.0
3431,19500.0
3432,22500.0
3433,19500.0
3434,23000.0
3435,28000.0
3436,29500.0
3437,25000.0
3438,24000.0
3439,45500.0
3440,
3441,15500.0
3442,6900.0
3443,17500.0
3444,22500.0
3445,12500.0
3446,17000.0
3447,14500.0
3448,36000.0
3449,19000.0
3450,15000.0
3451,12500.0
3452,7800.0
3453,16000.0
3454,23000.0
3455,28500.0
3456,9100.0
3457,51500.0
3458,18000.0
3459,6200.0
3460,19000.0
3461,
3462,36500.0
3463,5200.0
3464,22000.0
3465,15500.0
3466,
3467,5300.0
3468,27500.0
3469,
3470,8300.0
3471,
3472,17500.0
3473,28500.0
3474,19000.0
3475,45000.0
3476,56500.0
3477,24500.0
3478,
3479,43500.0
3480,22500.0
3481,17000.0
3482,30000.0
3483,8000.0
3484,11500.0
3485,46500.0
3486,15500.0
3487,12500.0
3488,20000.0
3489,35500.0
3490,43000.0
3491,40000.0
3492,19500.0
3493,17500.0
3494,7500.0
3495,28500.0
3496,26000.0
3497,26500.0
3498,18000.0
3499,14500.0
3500,20000.0
3501,43500.0
3502,
3503,142000.0
3504,123000.0
3505,137000.0
3506,117000.0
3507,117000.0
3508,158000.0
3509,116000.0
3510,35000.0
3511,
3512,93500.0
3513,165000.0
3514,112000.0
3515,112000.0
3516,170000.0
3517,106000.0
3518,150000.0
3519,136000.0
3520,123000.0
3521,118000.0
3522,151000.0
3523,114000.0
3524,104000.0
3525,121000.0
3526,107000.0
3527,131000.0
3528,97500.0
3529,97000.0
3530,131000.0
3531,124000.0
3532,128000.0
3533,97500.0
3534,133000.0
3535,110000.0
3536,124000.0
3537,148000.0
3538,120000.0
3539,120000.0
3540,172000.0
3541,30000.0
3542,100000.0
3543,124000.0
3544,130000.0
3545,162000.0
3546,116000.0
3547,178000.0
3548,118000.0
3549,121000.0
3550,176000.0
3551,96500.0
3552,53500.0
3553,85000.0
3554,28000.0
3555,121000.0
3556,156000.0
3557,102000.0
3558,
3559,100000.0
3560,146000.0
3561,97000.0
3562,92000.0
3563,88500.0
3564,184000.0
3565,87000.0
3566,156000.0
3567,91000.0
3568,184000.0
3569,113000.0
3570,103000.0
3571,147000.0
3572,115000.0
3573,247000.0
3574,155000.0
3575,134000.0
3576,18000.0
3577,64000.0
3578,156000.0
3579,126000.0
3580,112000.0
3581,469000.0
3582,114000.0
3583,101000.0
3584,103000.0
3585,452000.0
3586,95500.0
3587,56000.0
3588,27000.0
3589,161000.0
3590,195000.0
3591,89500.0
3592,81000.0
3593,54000.0
3594,87000.0
3595,552000.0
3596,246000.0
3597,164000.0
3598,130000.0
3599,90000.0
3600,25000.0
3601,489000.0
3602,94500.0
3603,27500.0
3604,462000.0
3605,116000.0
3606,155000.0
3607,143000.0
3608,103000.0
3609,402000.0
3610,84000.0
3611,103000.0
3612,314000.0
3613,38000.0
3614,138000.0
3615,344000.0
3616,101000.0
3617,170000.0
3618,270000.0
3619,269000.0
3620,131000.0
3621,136000.0
3622,61500.0
3623,154000.0
3624,11000.0
3625,296000.0
3626,82000.0
3627,272000.0
3628,494000.0
3629,
3630,68500.0
3631,49500.0
3632,33500.0
3633,87500.0
3634,143000.0
3635,465000.0
3636,95000.0
3637,326000.0
3638,37000.0
3639,310000.0
3640,75500.0
3641,325000.0
3642,84000.0
3643,96500.0
3644,60000.0
3645,307000.0
3646,93000.0
3647,149000.0
3648,239000.0
3649,79500.0
3650,73500.0
3651,132000.0
3652,114000.0
3653,439000.0
3654,550000.0
3655,74000.0
3656,17500.0
3657,20000.0
3658,20000.0
3659,9000.0
3660,16000.0
3661,20000.0
3662,18000.0
3663,19500.0
3664,26000.0
3665,15000.0
3666,23000.0
3667,24500.0
3668,65500.0
3669,58000.0
3670,73000.0
3671,14000.0
3672,9300.0
3673,23000.0
3674,57000.0
3675,67000.0
3676,60500.0
3677,29000.0
3678,19000.0
3679,14500.0
3680,55500.0
3681,17000.0
3682,16000.0
3683,68500.0
3684,33500.0
3685,17500.0
3686,17500.0
3687,17500.0
3688,17000.0
3689,18000.0
3690,13500.0
3691,61000.0
3692,14500.0
3693,19500.0
3694,33000.0
3695,15500.0
3696,22500.0
3697,
3698,18000.0
3699,32500.0
3700,53000.0
3701,57000.0
3702,20500.0
3703,43500.0
3704,
3705,
3706,22500.0
3707,
3708,27500.0
3709,42500.0
3710,14500.0
3711,44500.0
3712,25000.0
3713,21000.0
3714,16000.0
3715,18000.0
3716,18500.0
3717,16000.0
3718,23500.0
3719,24000.0
3720,21000.0
3721,57500.0
3722,39000.0
3723,27000.0
3724,68500.0
3725,14500.0
3726,29000.0
3727,32000.0
3728,142000.0
3729,123000.0
3730,137000.0
3731,117000.0
3732,117000.0
3733,158000.0
3734,116000.0
3735,35000.0
3736,
3737,93500.0
3738,165000.0
3739,112000.0
3740,112000.0
3741,170000.0
3742,106000.0
3743,150000.0
3744,136000.0
3745,123000.0
3746,118000.0
3747,151000.0
3748,114000.0
3749,104000.0
3750,121000.0
3751,107000.0
3752,131000.0
3753,97500.0
3754,97000.0
3755,131000.0
3756,124000.0
3757,128000.0
3758,97500.0
3759,133000.0
3760,110000.0
3761,124000.0
3762,148000.0
3763,120000.0
3764,120000.0
3765,172000.0
3766,30000.0
3767,100000.0
3768,124000.0
3769,130000.0
3770,162000.0
3771,116000.0
3772,178000.0
3773,118000.0
3774,121000.0
3775,176000.0
3776,96500.0
3777,53500.0
3778,85000.0
3779,28000.0
3780,121000.0
3781,156000.0
3782,102000.0
3783,
3784,100000.0
3785,146000.0
3786,97000.0
3787,92000.0
3788,88500.0
3789,184000.0
3790,87000.0
3791,156000.0
3792,91000.0
3793,184000.0
3794,113000.0
3795,103000.0
3796,147000.0
3797,115000.0
3798,247000.0
3799,155000.0
3800,134000.0
3801,18000.0
3802,64000.0
3803,156000.0
3804,126000.0
3805,112000.0
3806,469000.0
3807,114000.0
3808,101000.0
3809,103000.0
3810,452000.0
3811,95500.0
3812,56000.0
3813,27000.0
3814,161000.0
3815,195000.0
3816,89500.0
3817,81000.0
3818,54000.0
3819,87000.0
3820,552000.0
3821,246000.0
3822,164000.0
3823,130000.0
3824,90000.0
3825,25000.0
3826,489000.0
3827,94500.0
3828,27500.0
3829,462000.0
3830,116000.0
3831,155000.0
3832,143000.0
3833,103000.0
3834,402000.0
3835,84000.0
3836,103000.0
3837,314000.0
3838,38000.0
3839,138000.0
3840,344000.0
3841,101000.0
3842,170000.0
3843,270000.0
3844,269000.0
3845,131000.0
3846,136000.0
3847,61500.0
3848,154000.0
3849,11000.0
3850,296000.0
3851,82000.0
3852,272000.0
3853,494000.0
3854,
3855,68500.0
3856,49500.0
3857,33500.0
3858,87500.0
3859,143000.0
3860,465000.0
3861,95000.0
3862,326000.0
3863,37000.0
3864,310000.0
3865,75500.0
3866,325000.0
3867,84000.0
3868,96500.0
3869,60000.0
3870,307000.0
3871,93000.0
3872,149000.0
3873,239000.0
3874,79500.0
3875,73500.0
3876,132000.0
3877,114000.0
3878,439000.0
3879,550000.0
3880,74000.0
3881,142000.0
3882,123000.0
3883,137000.0
3884,117000.0
3885,117000.0
3886,158000.0
3887,116000.0
3888,35000.0
3889,
3890,93500.0
3891,165000.0
3892,112000.0
3893,112000.0
3894,170000.0
3895,106000.0
3896,150000.0
3897,136000.0
3898,123000.0
3899,118000.0
3900,151000.0
3901,114000.0
3902,104000.0
3903,121000.0
3904,107000.0
3905,131000.0
3906,97500.0
3907,97000.0
3908,131000.0
3909,124000.0
3910,128000.0
3911,97500.0
3912,133000.0
3913,110000.0
3914,124000.0
3915,148000.0
3916,120000.0
3917,120000.0
3918,172000.0
3919,30000.0
3920,100000.0
3921,124000.0
3922,130000.0
3923,162000.0
3924,116000.0
3925,178000.0
3926,118000.0
3927,121000.0
3928,176000.0
3929,96500.0
3930,53500.0
3931,85000.0
3932,28000.0
3933,121000.0
3934,156000.0
3935,102000.0
3936,
3937,100000.0
3938,146000.0
3939,97000.0
3940,92000.0
3941,88500.0
3942,184000.0
3943,87000.0
3944,156000.0
3945,91000.0
3946,184000.0
3947,113000.0
3948,103000.0
3949,147000.0
3950,115000.0
3951,247000.0
3952,155000.0
3953,134000.0
3954,18000.0
3955,64000.0
3956,156000.0
3957,126000.0
3958,112000.0
3959,469000.0
3960,114000.0
3961,101000.0
3962,103000.0
3963,452000.0
3964,95500.0
3965,56000.0
3966,27000.0
3967,161000.0
3968,195000.0
3969,89500.0
3970,81000.0
3971,54000.0
3972,87000.0
3973,552000.0
3974,246000.0
3975,164000.0
3976,130000.0
3977,90000.0
3978,25000.0
3979,489000.0
3980,94500.0
3981,27500.0
3982,462000.0
3983,116000.0
3984,155000.0
3985,143000.0
3986,103000.0
3987,402000.0
3988,84000.0
3989,103000.0
3990,314000.0
3991,38000.0
3992,138000.0
3993,344000.0
3994,101000.0
3995,170000.0
3996,270000.0
3997,269000.0
3998,131000.0
3999,136000.0
4000,61500.0
4001,154000.0
4002,11000.0
4003,296000.0
4004,82000.0
4005,272000.0
4006,494000.0
4007,
4008,68500.0
4009,49500.0
4010,33500.0
4011,87500.0
4012,143000.0
4013,465000.0
4014,95000.0
4015,326000.0
4016,37000.0
4017,310000.0
4018,75500.0
4019,325000.0
4020,84000.0
4021,96500.0
4022,60000.0
4023,307000.0
4024,93000.0
4025,149000.0
4026,239000.0
4027,79500.0
4028,73500.0
4029,132000.0
4030,114000.0
4031,439000.0
4032,550000.0
4033,74000.0
4034,66000.0
4035,46000.0
4036,53500.0
4037,62000.0
4038,23500.0
4039,84000.0
4040,22500.0
4041,99500.0
4042,40000.0
4043,
4044,69000.0
4045,73000.0
4046,71500.0
4047,130000.0
4048,73500.0
4049,47000.0
4050,125000.0
4051,105000.0
4052,67500.0
4053,65500.0
4054,73500.0
4055,69500.0
4056,40000.0
4057,118000.0
4058,80500.0
4059,48500.0
4060,77000.0
4061,94000.0
4062,86500.0
4063,77000.0
4064,96500.0
4065,75000.0
4066,62500.0
4067,54500.0
4068,124000.0
4069,51500.0
4070,62000.0
4071,89500.0
4072,28500.0
4073,40500.0
4074,71500.0
4075,55000.0
4076,49000.0
4077,
4078,75000.0
4079,46000.0
4080,83000.0
4081,39500.0
4082,
4083,91000.0
4084,
4085,46500.0
4086,78000.0
4087,73500.0
4088,101000.0
4089,63500.0
4090,67500.0
4091,91000.0
4092,119000.0
4093,62500.0
4094,45500.0
4095,94000.0
4096,114000.0
4097,35000.0
4098,21500.0
4099,104000.0
4100,103000.0
4101,
4102,71000.0
4103,45000.0
4104,63000.0
4105,26500.0
4106,64000.0
4107,77500.0
4108,62500.0
4109,48000.0
4110,62500.0
4111,45000.0
4112,135000.0
4113,30500.0
4114,69500.0
4115,98000.0
4116,103000.0
4117,66000.0
4118,73000.0
4119,79500.0
4120,67500.0
4121,94500.0
4122,65000.0
4123,46500.0
4124,56000.0
4125,22000.0
4126,60000.0
4127,39500.0
4128,65000.0
4129,53000.0
4130,29000.0
4131,82500.0
4132,74000.0
4133,58000.0
4134,93500.0
4135,70000.0
4136,95000.0
4137,68000.0
4138,55000.0
4139,43000.0
4140,61500.0
4141,61500.0
4142,37000.0
4143,64000.0
4144,114000.0
4145,60500.0
4146,95000.0
4147,90000.0
4148,36000.0
4149,92500.0
4150,107000.0
4151,81500.0
4152,26000.0
4153,60500.0
4154,48500.0
4155,87500.0
4156,34000.0
4157,100000.0
4158,58500.0
4159,57000.0
4160,
4161,88000.0
4162,46000.0
4163,79000.0
4164,27000.0
4165,49000.0
4166,52500.0
4167,60000.0
4168,94500.0
4169,66000.0
4170,18500.0
4171,142000.0
4172,
4173,46500.0
4174,63000.0
4175,56000.0
4176,62500.0
4177,75500.0
4178,79000.0
4179,52500.0
4180,42500.0
4181,123000.0
4182,106000.0
4183,84000.0
4184,82000.0
4185,28000.0
4186,88500.0
4187,58500.0
4188,49000.0
4189,41500.0
4190,124000.0
4191,13500.0
4192,118000.0
4193,80000.0
4194,95500.0
4195,65000.0
4196,88500.0
4197,127000.0
4198,89500.0
4199,38000.0
4200,161000.0
4201,121000.0
4202,138000.0
4203,109000.0
4204,104000.0
4205,134000.0
4206,66000.0
4207,46000.0
4208,53500.0
4209,62000.0
4210,23500.0
4211,84000.0
4212,22500.0
4213,99500.0
4214,40000.0
4215,
4216,69000.0
4217,73000.0
4218,71500.0
4219,130000.0
4220,73500.0
4221,47000.0
4222,125000.0
4223,105000.0
4224,67500.0
4225,65500.0
4226,73500.0
4227,69500.0
4228,40000.0
4229,118000.0
4230,80500.0
4231,48500.0
4232,77000.0
4233,94000.0
4234,86500.0
4235,77000.0
4236,96500.0
4237,75000.0
4238,62500.0
4239,54500.0
4240,124000.0
4241,51500.0
4242,62000.0
4243,89500.0
4244,28500.0
4245,40500.0
4246,71500.0
4247,55000.0
4248,49000.0
4249,
4250,75000.0
4251,46000.0
4252,83000.0
4253,39500.0
4254,
4255,91000.0
4256,
4257,46500.0
4258,78000.0
4259,73500.0
4260,101000.0
4261,63500.0
4262,67500.0
4263,91000.0
4264,119000.0
4265,62500.0
4266,45500.0
4267,94000.0
4268,114000.0
4269,35000.0
4270,21500.0
4271,104000.0
4272,103000.0
4273,
4274,71000.0
4275,45000.0
4276,63000.0
4277,26500.0
4278,64000.0
4279,77500.0
4280,62500.0
4281,48000.0
4282,62500.0
4283,45000.0
4284,135000.0
4285,30500.0
4286,69500.0
4287,98000.0
4288,103000.0
4289,66000.0
4290,73000.0
4291,79500.0
4292,67500.0
4293,94500.0
4294,65000.0
4295,46500.0
4296,56000.0
4297,22000.0
4298,60000.0
4299,39500.0
4300,65000.0
4301,53000.0
4302,29000.0
4303,82500.0
4304,74000.0
4305,58000.0
4306,93500.0
4307,70000.0
4308,95000.0
4309,68000.0
4310,55000.0
4311,43000.0
4312,61500.0
4313,61500.0
4314,37000.0
4315,64000.0
4316,114000.0
4317,60500.0
4318,95000.0
4319,90000.0
4320,36000.0
4321,92500.0
4322,107000.0
4323,81500.0
4324,26000.0
4325,60500.0
4326,48500.0
4327,87500.0
4328,34000.0
4329,100000.0
4330,58500.0
4331,57000.0
4332,
4333,88000.0
4334,46000.0
4335,79000.0
4336,27000.0
4337,49000.0
4338,52500.0
4339,60000.0
4340,94500.0
4341,66000.0
4342,18500.0
4343,142000.0
4344,
4345,46500.0
4346,63000.0
4347,56000.0
4348,62500.0
4349,75500.0
4350,79000.0
4351,52500.0
4352,42500.0
4353,123000.0
4354,106000.0
4355,84000.0
4356,82000.0
4357,28000.0
4358,88500.0
4359,58500.0
4360,49000.0
4361,41500.0
4362,124000.0
4363,13500.0
4364,118000.0
4365,80000.0
4366,95500.0
4367,65000.0
4368,88500.0
4369,127000.0
4370,89500.0
4371,38000.0
4372,161000.0
4373,121000.0
4374,138000.0
4375,109000.0
4376,104000.0
4377,134000.0
4378,150000.0
4379,74500.0
4380,55500.0
4381,190000.0
4382,8000.0
4383,179000.0
4384,37000.0
4385,25000.0
4386,44000.0
4387,145000.0
4388,177000.0
4389,194000.0
4390,87000.0
4391,70000.0
4392,100000.0
4393,140000.0
4394,136000.0
4395,147000.0
4396,45500.0
4397,144000.0
4398,75000.0
4399,48000.0
4400,26500.0
4401,130000.0
4402,138000.0
4403,161000.0
4404,53000.0
4405,100000.0
4406,148000.0
4407,41500.0
4408,110000.0
4409,80000.0
4410,65000.0
4411,141000.0
4412,
4413,134000.0
4414,112000.0
4415,16500.0
4416,43500.0
4417,164000.0
4418,113000.0
4419,89000.0
4420,113000.0
4421,52000.0
4422,181000.0
4423,135000.0
4424,38500.0
4425,135000.0
4426,143000.0
4427,62000.0
4428,48000.0
4429,105000.0
4430,132000.0
4431,45000.0
4432,89000.0
4433,31000.0
4434,97000.0
4435,131000.0
4436,152000.0
4437,153000.0
4438,156000.0
4439,30500.0
4440,57000.0
4441,81000.0
4442,94000.0
4443,136000.0
4444,118000.0
4445,84000.0
4446,111000.0
4447,112000.0
4448,183000.0
4449,148000.0
4450,331000.0
4451,39000.0
4452,
4453,113000.0
4454,140000.0
4455,64000.0
4456,98000.0
4457,11500.0
4458,51000.0
4459,155000.0
4460,
4461,128000.0
4462,45000.0
4463,108000.0
4464,155000.0
4465,114000.0
4466,74500.0
4467,147000.0
4468,180000.0
4469,128000.0
4470,112000.0
4471,17000.0
4472,85500.0
4473,53500.0
4474,44000.0
4475,88000.0
4476,30500.0
4477,29000.0
4478,94000.0
4479,82500.0
4480,187000.0
4481,127000.0
4482,151000.0
4483,193000.0
4484,150000.0
4485,81000.0
4486,212000.0
4487,90500.0
4488,99500.0
4489,95000.0
4490,
4491,20500.0
4492,104000.0
4493,89000.0
4494,91000.0
4495,61000.0
4496,80000.0
4497,63000.0
4498,29500.0
4499,81000.0
4500,77500.0
4501,44500.0
4502,94500.0
4503,72000.0
4504,86000.0
4505,70500.0
4506,69500.0
4507,138000.0
4508,86500.0
4509,74000.0
4510,64500.0
4511,48500.0
4512,85000.0
4513,51000.0
4514,69000.0
4515,94000.0
4516,83500.0
4517,66000.0
4518,57500.0
4519,77000.0
4520,63000.0
4521,101000.0
4522,89000.0
4523,75000.0
4524,71500.0
4525,59000.0
4526,80000.0
4527,74500.0
4528,92500.0
4529,37500.0
4530,116000.0
4531,87000.0
4532,69500.0
4533,80500.0
4534,69000.0
4535,68000.0
4536,75000.0
4537,156000.0
4538,88000.0
4539,99000.0
4540,89500.0
4541,84500.0
4542,109000.0
4543,98500.0
