구,lat,lng
강남구,37.5207695,127.0245651
강남구,37.46997231,127.0910208
강남구,37.47054284,127.1137731
강남구,37.47153836,127.096582
강남구,37.4964968,127.0320274
강남구,37.46971323,127.1130164
강남구,37.47586067,127.1134903
강남구,37.47882622,127.0516625
강남구,37.50090187,127.0296764
강남구,37.47176041,127.0881053
강남구,37.47375667,127.104168
강남구,37.48894236,127.0666071
강남구,37.63655985,127.0695917
강남구,37.51727791,127.0371879
강남구,37.51386514,127.0293218
강남구,37.49411388,127.0828722
강남구,37.49324594,127.0567758
강남구,37.49879449,127.066997
강남구,37.48070634,127.0896793
강남구,37.48372309,127.0464069
강남구,37.4883101,127.0388803
강남구,37.51146572,127.0353539
강남구,37.47504703,127.1076438
강남구,37.46575726,127.1012262
강남구,37.50230515,127.0641886
강남구,37.54226709,127.1320966
강남구,37.5482277,127.1353175
강남구,37.47222456,127.0906848
강남구,37.5203668,127.0478323
강남구,37.51435272,127.0626058
강남구,37.49034493,127.0895905
강남구,37.51368143,127.0468374
강남구,37.48308019,127.063867
강남구,37.4690517,127.1069139
강남구,37.4640671,127.0984192
강남구,37.4600486,127.0993931
강남구,37.46103847,127.1027375
강남구,37.48890342,127.1049909
강남구,37.52397487,127.0227972
강남구,37.49470924,127.0404834
강남구,37.53061779,127.0306528
강남구,37.49588839,127.046474
강남구,37.49537399,127.0332844
강남구,37.4840224,127.0844597
강남구,37.49132099,127.0883142
강남구,37.46574983,127.1030362
강남구,37.49184926,127.0880233
강남구,37.48337783,127.0864821
강남구,37.51909941,127.0464411
강남구,37.49973075,127.0578497
강남구,37.52509298,127.0492914
강남구,37.51814355,127.0349803
강남구,37.5185487,127.0485138
강남구,37.4662566,127.0923733
강남구,37.5232559,127.0293329
강남구,37.4924322,127.0728459
강남구,37.4792226,127.045865
강남구,37.50188824,127.0392423
강남구,37.52079171,127.0337358
강남구,37.51035608,127.0610231
강남구,37.51522231,127.0628405
강남구,37.50008222,127.0329376
강남구,37.50230515,127.0641886
강남구,37.4724452,127.0958153
강동구,37.52604274,127.1328841
강동구,37.56504077,127.1739073
강동구,37.53178679,127.1481604
강동구,37.53283244,127.1333354
강동구,37.55283455,127.1333221
강동구,37.54052333,127.1340816
강동구,37.54394314,127.1255359
강동구,37.53615563,127.135336
강동구,37.54573146,127.1412226
강동구,37.56787986,127.1726055
강동구,37.5636621,127.1760796
강동구,37.55058375,127.1683004
강동구,37.55327315,127.176167
강동구,37.53047266,127.1224554
강동구,37.56474145,127.1624637
강동구,37.56262355,127.1384359
강동구,37.55042474,127.1397249
강동구,37.55909271,127.1522758
강동구,37.56446543,127.1615646
강동구,37.54313195,127.1448914
강동구,37.55462967,127.1490347
강동구,37.56527657,127.178359
강동구,37.5583596,127.151086
강동구,37.55639905,127.1401469
강동구,37.5578016,127.1764168
강동구,37.54691053,127.1462765
강동구,37.53465461,127.1426205
강동구,37.54225826,127.143603
강동구,37.56068991,127.1553954
강동구,37.54004014,127.129784
강동구,37.53298108,127.1376534
강동구,37.56082582,127.1710307
강동구,37.53815107,127.1434874
강동구,37.55930391,127.1579066
강동구,37.56400935,127.1333801
강동구,37.53081531,127.1228364
강동구,37.57900841,127.1719981
강동구,37.53131068,127.1497915
강동구,37.57228621,127.1751792
강동구,37.53242851,127.1295401
강동구,37.53594221,127.1336623
강동구,37.52925099,127.1429858
강동구,37.55469166,127.1516834
강동구,37.53254805,127.1293749
강동구,37.53245682,127.1292287
강동구,37.53921083,127.1388733
강동구,37.55236421,127.1357035
강동구,37.54752943,127.1371075
강동구,37.53097878,127.1496891
강동구,37.5510679,127.1670404
강동구,37.5516504,127.1250445
강동구,37.55930269,127.1516827
강동구,37.56665973,127.1384372
강동구,37.55044679,127.1398729
강동구,37.562735,127.1799929
강동구,37.53603547,127.1501482
강동구,37.53397665,127.1252752
강북구,37.6299922,127.0216208
강북구,37.6251151,127.0360795
강북구,37.63681136,127.0159405
강북구,37.62307414,127.0215511
강북구,37.6184596,127.0194136
강북구,37.63915539,127.0108963
강북구,37.61237679,127.0233397
강북구,37.6408896,127.0175027
강북구,37.6133967,127.0222809
강북구,37.62293571,127.0185412
강북구,37.62108093,127.0126346
강북구,37.62763284,127.0402563
강북구,37.64383521,127.0110662
강북구,37.63251143,127.0283215
강북구,37.62709228,127.0269757
강북구,37.61639737,127.0190458
강북구,37.63789129,127.0288472
강북구,37.63247391,127.0385158
강북구,37.62579675,127.0465047
강북구,37.62960188,127.0387461
강북구,37.61616064,127.0173591
강북구,37.64190283,127.0211966
강북구,37.64320846,127.0023678
강북구,37.62882534,127.0158277
강북구,37.61784278,127.035569
강북구,37.63005002,127.0175582
강북구,37.63005002,127.0175582
강북구,37.62734029,127.0183669
강북구,37.61836537,127.0324154
강북구,37.62047806,127.0124026
강북구,37.61612193,127.0337807
강북구,37.61831389,127.0299377
강북구,37.61829732,127.0238508
강북구,37.61249095,127.0250974
강북구,37.61906174,127.0228658
강북구,37.63005002,127.0175582
강북구,37.64464425,127.0198896
강북구,37.63872001,127.0231503
강북구,37.63155713,127.0224509
강북구,37.63005002,127.0175582
강북구,37.62289462,127.0231387
강북구,37.6229751,127.0280148
강북구,37.6166993,127.0336376
강북구,37.61540201,127.0262384
강북구,37.62744406,127.0465354
강북구,37.66370709,127.0123551
강북구,37.64148693,127.0105968
강북구,37.61693604,127.0346097
강북구,37.62946981,127.0197854
강북구,37.6310508,127.0187333
강북구,37.64178968,127.0123048
강북구,37.64184914,127.0168699
강북구,37.62719884,127.0408086
강북구,37.62941282,127.0226664
강북구,37.61282768,127.0214348
강북구,37.62391618,127.0172388
강북구,37.6380173,127.0290972
강서구,37.56230034,126.8191692
강서구,37.5482976,126.8678862
강서구,37.5635654,126.8525312
강서구,37.55982697,126.8627765
강서구,37.55994851,126.8655346
강서구,37.53468572,126.8608018
강서구,37.55889349,126.8302728
강서구,37.52905938,126.8488976
강서구,37.55007327,126.8522095
강서구,37.57915455,126.8138354
영등포구,37.49922683,126.9064072
강서구,37.56853219,126.8197185
구로구,37.48170609,126.8206977
강서구,37.55941384,126.8208126
강서구,37.56912773,126.820556
강서구,37.57034125,126.8170501
강서구,37.57871971,126.8136582
강서구,37.54733669,126.8733189
강서구,37.57132885,126.8393354
강서구,37.55930889,126.8225324
강서구,37.59002188,126.8041536
강서구,37.53050717,126.8415913
강서구,37.56485283,126.8216804
강서구,37.5561197,126.8618507
강서구,37.55744761,126.8247026
강서구,37.55749787,126.8431987
강서구,37.5689636,126.8255406
강서구,37.56856045,126.8189022
강서구,37.56109265,126.8605614
강서구,37.54265831,126.8625031
강서구,37.5396417,126.8404796
강서구,37.56245409,126.8423739
강서구,37.54332407,126.8620737
강서구,37.5517845,126.8530048
강서구,37.5579368,126.8469821
강서구,37.57196293,126.815772
강서구,37.56584834,126.8175009
강서구,37.5503824,126.8750658
강서구,37.53177397,126.8455239
강서구,37.57871971,126.8136582
강서구,37.53269878,126.8483319
강서구,37.53468572,126.8608018
강서구,37.55216553,126.8270329
강서구,37.55337187,126.8604179
강서구,37.55583112,126.8589109
강서구,37.5479003,126.8599262
강서구,37.53801623,126.8385166
강서구,37.56355592,126.814849
강서구,37.55411388,126.8255181
강서구,37.55377439,126.8709675
강서구,37.54918164,126.8395323
강서구,37.572344,126.8380573
강서구,37.55181465,126.8500752
강서구,37.54766948,126.8740357
강서구,37.59959068,126.9145269
강서구,37.57174834,126.8232974
강서구,37.52925099,127.1429858
강서구,37.53182784,126.8544885
강서구,37.55614907,126.8185107
강서구,37.54828757,126.8418355
강서구,37.5352355,126.8370888
강서구,37.56985973,126.8248177
강서구,37.5465825,126.8242049
강서구,37.55626806,126.8170781
강서구,37.54680952,126.8316262
강서구,37.5618605,126.8568081
강서구,37.59763325,126.7988721
강서구,37.55312086,126.8331803
강서구,37.56519009,126.8221487
강서구,37.54114762,126.8485095
강서구,37.54404753,126.8476629
강서구,37.55888732,126.8479185
강서구,37.54467538,126.835182
강서구,37.54902225,126.8344231
강서구,37.55690585,126.8178733
강서구,37.57915455,126.8138354
강서구,37.57364524,126.8185226
강서구,37.5673976,126.8512711
강서구,37.54680952,126.8316262
강서구,37.58396156,126.8118064
강서구,37.5385771,126.8354767
관악구,37.4837085,126.9196097
관악구,37.47681645,126.919935
관악구,37.46759816,126.9448714
관악구,37.48225902,126.9621511
관악구,37.4487334,126.954225
관악구,37.4780063,126.9442643
관악구,37.4862426,126.9596701
관악구,37.4642348,126.9234343
관악구,37.46759816,126.9448714
관악구,37.48449792,126.9539886
관악구,37.48240591,126.9223876
관악구,37.47194333,126.9595864
관악구,37.47629474,126.9583866
관악구,37.47102459,126.9216436
관악구,37.46277952,126.9173014
서대문구,37.57369345,126.9221953
관악구,37.46152156,126.9187981
관악구,37.47455503,126.9778721
관악구,37.47059713,126.9369585
관악구,37.4810201,126.9298756
관악구,37.48262033,126.9306346
관악구,37.47617969,126.9155546
관악구,37.48131348,126.949349
관악구,37.48722136,126.9566372
관악구,37.48817959,126.9327805
관악구,37.49066216,126.9442455
관악구,37.46298416,126.9183698
관악구,37.47010823,126.9329623
관악구,37.46412118,126.931828
관악구,37.6102844,127.0152428
관악구,37.4487334,126.954225
관악구,37.47977219,126.9313766
관악구,37.48731057,126.956182
관악구,37.4895301,126.9481593
관악구,37.458872,126.9466781
관악구,37.48216353,126.9120754
관악구,37.48740071,126.9271173
관악구,37.47943594,126.9098975
관악구,37.48595212,126.9191023
관악구,37.48157793,126.9273363
관악구,37.4830195,126.9389777
관악구,37.4771849,126.9555524
관악구,37.47846743,126.9511318
관악구,37.4826559,126.9091717
관악구,37.48270145,126.9113792
관악구,37.4706759,126.9645708
관악구,37.48530503,126.9424097
관악구,37.48690437,126.9415636
관악구,37.4793054,126.9450919
관악구,37.479022,126.9417378
관악구,37.47509832,126.9653238
관악구,37.48256322,126.9077952
관악구,37.48419247,126.949751
관악구,37.4755524,126.9677028
관악구,37.47306768,126.9603155
관악구,37.47998681,126.9586067
관악구,37.47911357,126.9416385
관악구,37.49184879,126.9586286
관악구,37.47508155,126.9685132
관악구,37.4876406,126.9562654
관악구,37.47166951,126.9652754
관악구,37.48064099,126.9570298
광진구,37.55821672,127.1137041
광진구,37.54476697,127.1015203
광진구,37.55067985,127.1102945
광진구,37.54241324,127.0856773
광진구,37.54723979,127.0899234
광진구,37.53799119,127.0919832
광진구,37.56508561,127.0857768
광진구,37.5501,127.067457
광진구,37.55729618,127.0746256
광진구,37.55376088,127.0805523
광진구,37.54141413,127.089731
광진구,37.55392748,127.0940536
광진구,37.5475803,127.1034371
광진구,37.53632573,127.0822566
광진구,37.56515649,127.087356
광진구,37.54661293,127.0920664
광진구,37.546461,127.0666556
광진구,37.55000134,127.098123
광진구,37.55384882,127.094449
광진구,37.5562389,127.0835628
광진구,37.54349454,127.0902226
광진구,37.55419292,127.0893539
광진구,37.55798366,127.0875979
광진구,37.53449755,127.0823948
광진구,37.52880243,127.0843895
광진구,37.53383609,127.0729037
광진구,37.5402635,127.0651096
광진구,37.53899463,127.0694433
광진구,37.5341003,127.0662596
광진구,37.52921552,127.077668
광진구,37.56066679,127.0800515
광진구,37.56027082,127.0814959
광진구,37.56880629,127.0801374
광진구,37.55910106,127.0894338
광진구,37.55696219,127.0909499
광진구,37.55064684,127.0761197
광진구,37.53157833,127.0760941
광진구,37.56213142,127.0883493
광진구,37.54293803,127.0712746
구로구,37.48413635,126.8840475
구로구,37.49083213,126.8565463
구로구,37.4850123,126.8535627
구로구,37.49008228,126.8584998
구로구,37.49674271,126.8559101
구로구,37.50157435,126.8471657
구로구,37.50040227,126.8627869
구로구,37.50669361,126.8586066
구로구,37.50477182,126.8605308
구로구,37.4939123,126.8240528
구로구,37.4956619,126.862255
구로구,37.48598646,126.8506177
구로구,37.49303785,126.8757865
구로구,37.50561451,126.890248
구로구,37.50516431,126.8917412
구로구,37.50010536,126.8893397
구로구,37.48081222,126.8926785
구로구,37.50673545,126.877376
구로구,37.50622215,126.8920012
구로구,37.50531416,126.8928724
구로구,37.49854338,126.8767532
구로구,37.50687303,126.8844852
구로구,37.50692111,126.8456405
구로구,37.48393872,126.8431745
구로구,37.48852245,126.8327814
구로구,37.50770108,126.8784577
구로구,37.4823292,126.8200105
구로구,37.48605558,126.8376898
구로구,37.4884005,126.8913081
구로구,37.50068547,126.888869
구로구,37.48714477,126.8901557
구로구,37.47850742,126.8422493
구로구,37.50799235,126.851155
구로구,37.48753624,126.8542013
구로구,37.49249364,126.8399385
구로구,37.4779004,126.8202586
구로구,37.48080242,126.838595
구로구,37.5083255,126.8778689
구로구,37.50315618,126.8847208
구로구,37.49752104,126.8581477
구로구,37.49224488,126.8218625
구로구,37.4974904,126.8312889
구로구,37.50105375,126.8866578
구로구,37.49467458,126.8834512
구로구,37.47563834,126.8186953
구로구,37.51302996,126.8844957
구로구,37.4909066,126.8200705
구로구,37.49079345,126.858119
구로구,37.49465064,126.8316147
구로구,37.49252844,126.831493
구로구,37.50472904,126.893335
구로구,37.50534626,126.8530515
구로구,37.49867236,126.8911162
구로구,37.49389273,126.8314773
구로구,37.4805522,126.821666
구로구,37.5095225,126.8820009
구로구,37.5106111,126.884698
구로구,37.5076945,126.8785058
구로구,37.5076945,126.8785058
구로구,37.5095202,126.8798584
구로구,37.50518161,126.886385
구로구,37.49603347,126.8217901
구로구,37.48124944,126.8379415
구로구,37.48728188,126.8403986
구로구,37.48605841,126.8946698
구로구,37.5002117,126.8658983
구로구,37.49708019,126.8451579
구로구,37.48868891,126.8393378
구로구,37.4971852,126.8401143
구로구,37.49070017,126.8419819
구로구,37.49249364,126.8399385
구로구,37.49751199,126.8854812
구로구,37.48305321,126.8389147
구로구,37.50274653,126.8464272
구로구,37.49732865,126.8801331
구로구,37.50479396,126.848501
구로구,37.5013536,126.8920189
구로구,37.48454796,126.8392817
구로구,37.55312086,126.8331803
구로구,37.47917844,126.838931
구로구,37.4811855,126.8378564
구로구,37.5027908,126.8472543
구로구,37.49510106,126.891824
구로구,37.49442834,126.8343402
구로구,37.50882112,126.8892779
구로구,37.5110588,126.8805732
구로구,37.5077498,126.8586866
구로구,37.4896618,126.8374837
구로구,37.50273928,126.8912402
구로구,37.48730413,126.889598
구로구,37.50580634,126.8903579
구로구,37.50531416,126.8928724
구로구,37.47957923,126.8416999
구로구,37.48167016,126.8969618
구로구,37.47792787,126.8251303
구로구,37.49637305,126.8585909
구로구,37.47825483,126.821262
구로구,37.48953116,126.8570184
구로구,37.49497315,126.8390654
금천구,37.47349155,126.8921299
금천구,37.45690514,126.8953686
금천구,37.4675797,126.908105
금천구,37.44963042,126.9146113
금천구,37.4487939,126.902601
금천구,37.4392969,126.9035813
금천구,37.46755324,126.9021683
금천구,37.45309891,126.9089166
금천구,37.45898011,126.9061848
금천구,37.45911886,126.8953296
금천구,37.45259527,126.9058063
금천구,37.4535504,126.90325
금천구,37.4631499,126.9034839
금천구,37.45760105,126.8983827
금천구,37.46522963,126.9034349
금천구,37.45455142,126.9037967
금천구,37.46494502,126.8940183
금천구,37.45229932,126.9137506
금천구,37.49700282,126.8822513
금천구,37.49700282,126.8822513
금천구,37.4574952,126.8878808
금천구,37.4696109,126.9057318
금천구,37.46552072,126.8876719
금천구,37.46864681,126.9041046
금천구,37.45239622,126.9083066
금천구,37.47516011,126.9031743
금천구,37.45717241,126.9002906
금천구,37.47995321,126.877008
금천구,37.56665973,127.1384372
노원구,37.65383103,127.0601779
노원구,37.6612804,127.0602571
노원구,37.64056098,127.0725612
노원구,37.62151605,127.0830474
노원구,37.62204715,127.0727749
노원구,37.63067781,127.0972116
노원구,37.64796253,127.0808329
노원구,37.65727748,127.0707067
노원구,37.47176041,127.0881053
노원구,37.62880091,127.0698024
노원구,37.65795038,127.07638
노원구,37.66109973,127.0650094
노원구,37.63251006,127.0507798
노원구,37.45898011,126.9061848
노원구,37.65303481,127.0579938
노원구,37.64285692,127.0590194
노원구,37.66673107,127.0515502
노원구,37.67970594,127.052411
노원구,37.64066081,127.0668657
노원구,37.64528936,127.0825433
노원구,37.64335737,127.1088503
노원구,37.67852767,127.0519406
노원구,37.66944103,127.0504411
노원구,37.67045198,127.0574022
노원구,37.6268348,127.077297
노원구,37.63953995,127.067837
노원구,37.6576376,127.0743701
노원구,37.67291209,127.0832369
노원구,37.63203897,127.0679492
노원구,37.62954507,127.0541685
노원구,37.62863532,127.0561218
노원구,37.62426736,127.0507933
노원구,37.62058345,127.0902071
노원구,37.6364895,127.0695484
노원구,37.64941796,127.0615528
노원구,37.6500505,127.0733726
노원구,37.6587571,127.0779712
노원구,37.65639558,127.0766586
노원구,37.64794584,127.0730389
노원구,37.62648618,127.0718679
노원구,37.63825411,127.072209
노원구,37.6477949,127.0802812
노원구,37.65255189,127.0774784
노원구,37.62128738,127.0833787
노원구,37.63207893,127.0444286
노원구,37.62425459,127.0932832
노원구,37.53097878,127.1496891
노원구,37.6799248,127.054958
노원구,37.64213007,127.0687317
노원구,37.65996921,127.0701066
노원구,37.66140145,127.0661719
노원구,37.62358744,127.0687821
노원구,37.6264442,127.0597204
노원구,37.688162,127.0540801
노원구,37.66451805,127.0638167
노원구,37.66297913,127.0693658
노원구,37.64618165,127.0696625
도봉구,37.6598912,127.0216263
도봉구,37.65288652,127.024228
도봉구,37.64712303,127.0311208
도봉구,37.67869091,127.043413
도봉구,37.66967394,127.0465333
도봉구,37.68080449,127.0501336
도봉구,37.64477544,127.0438644
도봉구,37.65904725,127.0495075
도봉구,37.65243153,127.0276397
도봉구,37.64098867,127.0337486
도봉구,37.66455623,127.0386014
도봉구,37.68298934,127.042872
도봉구,37.67114693,127.0387304
도봉구,37.66422282,127.0406557
도봉구,37.66821414,127.0350517
도봉구,37.64714742,127.0486293
도봉구,37.6810801,127.0426995
도봉구,37.65783602,127.043618
도봉구,37.66431056,127.0374531
도봉구,37.6551793,127.0346582
도봉구,37.64935124,127.0248408
도봉구,37.65253218,127.0127628
도봉구,37.65479887,127.0135521
도봉구,37.66050764,127.0393464
도봉구,37.64803683,127.0260507
도봉구,37.6580908,127.0387456
도봉구,37.64898397,127.0279223
도봉구,37.65645236,127.0283979
도봉구,37.6441856,127.0294746
도봉구,37.68493479,127.0456997
도봉구,37.49470924,127.0404834
도봉구,37.65458079,127.0175122
도봉구,37.65383589,127.0385898
도봉구,37.66666598,127.0321721
도봉구,37.64837505,127.0438261
도봉구,37.64140627,127.0356481
도봉구,37.63809071,127.042922
도봉구,37.65223421,127.0515367
도봉구,37.656334,127.0435868
도봉구,37.6848287,127.0421774
도봉구,37.65168369,127.0135555
도봉구,37.6621577,127.0278303
도봉구,37.66871632,127.0471316
동대문구,37.57925068,127.0390682
동대문구,37.5764963,127.0582646
동대문구,37.5792566,127.0434914
동대문구,37.59377356,127.0507402
동대문구,37.57584143,127.0367896
동대문구,37.50547361,126.9499672
동대문구,37.59215181,127.0444505
동대문구,37.58303561,127.0374529
동대문구,37.59502511,127.0421726
동대문구,37.5718945,127.0709718
동대문구,37.56781524,127.0577193
동대문구,37.59231127,127.0570265
동대문구,37.57598852,127.0644652
동대문구,37.56976707,127.0501026
동대문구,37.57795461,127.0253232
동대문구,37.5940097,127.0583814
동대문구,37.5718176,127.0512713
동대문구,37.56739923,127.0612831
동대문구,37.57319319,127.0503606
동대문구,37.58996904,127.0472892
동대문구,37.57439172,127.0398966
동대문구,37.57650997,127.0761842
동대문구,37.5748906,127.0506612
동대문구,37.5909561,127.0500384
동대문구,37.5784361,127.0605702
동대문구,37.57373229,127.0474291
동대문구,37.580498,127.0711777
동대문구,37.57348736,127.0247655
동대문구,37.57665642,127.0550085
동대문구,37.5781051,127.0567432
동대문구,37.5806066,127.0588096
동대문구,37.577178,127.0294572
동대문구,37.5782218,127.0583844
동대문구,37.5698691,127.0611009
동대문구,37.57611784,127.0303249
동대문구,37.57579709,127.037274
동대문구,37.59781152,127.0654822
동대문구,37.60337376,127.0651022
동대문구,37.59889462,127.0538429
동대문구,37.60224443,127.0687022
동대문구,37.56994226,127.0533098
동대문구,37.56697548,127.0695029
동대문구,37.57847272,127.0705898
동대문구,37.5738492,127.0653412
동대문구,37.5742514,127.051223
동대문구,37.57124544,127.0732012
동대문구,37.57809232,127.0600085
동대문구,37.58312836,127.0378225
동대문구,37.5746242,127.0578432
동대문구,37.5755851,127.0691713
동대문구,37.59553603,127.0461199
동대문구,37.59323032,127.0404397
동대문구,37.59134717,127.0548175
동대문구,37.594202,127.0482889
동대문구,37.59291254,127.0657309
동대문구,37.59012542,127.0685866
동대문구,37.58868538,127.0606088
동작구,37.49543219,126.9405901
동작구,37.49418992,126.9176068
동작구,37.50564647,126.9665712
동작구,37.4991168,126.9294071
동작구,37.4809331,126.9749408
동작구,37.5012919,126.9455533
동작구,37.50412767,126.9457756
동작구,37.51641097,126.9471849
동작구,37.51578562,126.9450252
동작구,37.4969239,126.9188865
동작구,37.4789027,126.9732534
동작구,37.50512326,126.9519663
동작구,37.48168732,126.9787103
동작구,37.50622213,126.9343255
동작구,37.51310982,126.9311477
동작구,37.48837378,126.9775871
동작구,37.50919685,126.9434278
동작구,37.49547288,126.9286026
동작구,37.47900239,126.9737188
동작구,37.4789559,126.9714856
동작구,37.49217125,126.9824604
동작구,37.48871356,126.9792532
동작구,37.48668611,126.9720387
동작구,37.48097418,126.9716328
동작구,37.48566632,126.9669812
동작구,37.48408051,126.9673502
동작구,37.50856136,126.9529989
동작구,37.50679453,126.9504458
동작구,37.49912671,126.9314045
동작구,37.50377461,126.9327064
동작구,37.50177751,126.9540272
동작구,37.50144818,126.9438134
동작구,37.50197734,126.9323629
동작구,37.50946978,126.9516771
동작구,37.50596898,126.9401028
동작구,37.49690683,126.935103
동작구,37.4957269,126.9251117
동작구,37.50552251,126.9331587
동작구,37.50622213,126.9343255
동작구,37.49701112,126.9452223
동작구,37.50387013,126.93848
동작구,37.4975753,126.9498544
동작구,37.4978869,126.9474565
동작구,37.4894807,126.9051387
동작구,37.48938436,126.9072134
동작구,37.50840148,126.9264682
동작구,37.5033678,126.9464664
동작구,37.49217125,126.9824604
동작구,37.48678099,126.9060992
동작구,37.50715267,126.9603489
동작구,37.50828965,126.9371924
동작구,37.50856136,126.9529989
동작구,37.50853305,126.9663286
동작구,37.51179815,126.9278071
동작구,37.51221716,126.9291808
동작구,37.50013243,126.9557248
동작구,37.50632109,126.9426084
동작구,37.50578061,126.9665943
마포구,37.56915355,126.9133007
마포구,37.56915355,126.9133007
마포구,37.55016941,126.9600304
마포구,37.55522747,126.9056816
마포구,37.55450757,126.9010278
마포구,37.54710578,126.9521564
마포구,37.54247829,126.9509232
마포구,37.54223808,126.955496
마포구,37.48168732,126.9787103
마포구,37.54101496,126.9512162
마포구,37.54153106,126.9498753
마포구,37.54725963,126.9255083
마포구,37.54773525,126.9320621
마포구,37.53952992,126.9519197
마포구,37.56379606,126.9082023
마포구,37.58464747,126.8805204
마포구,37.55558837,126.9055913
마포구,37.53952992,126.9519197
마포구,37.57833716,126.8946747
마포구,37.58699214,126.8818297
마포구,37.58275843,126.8820997
마포구,37.5509484,126.9388083
마포구,37.55511048,126.9145897
마포구,37.5543221,126.9242045
마포구,37.55416693,126.9573466
마포구,37.5551119,126.9145906
마포구,37.56861543,126.9089703
마포구,37.56017425,126.9091863
마포구,37.56828229,126.9027732
마포구,37.54715946,126.9351046
마포구,37.55000134,127.098123
마포구,37.55000134,127.098123
마포구,37.56568247,126.9174526
마포구,37.54476769,126.9545543
마포구,37.54706971,126.9456453
마포구,37.56886407,126.9071105
마포구,37.54232557,126.942835
마포구,37.54879782,126.9412939
마포구,37.55559634,126.9179925
마포구,37.55212681,126.9512975
마포구,37.54543847,126.9560837
마포구,37.56836101,126.9078965
마포구,37.54902225,126.8344231
마포구,37.54794634,126.9411085
마포구,37.54145858,126.9424756
마포구,37.58045097,126.8898931
마포구,37.56738358,126.9091364
마포구,37.55161512,126.9117247
마포구,37.57820529,126.8833386
마포구,37.56665973,127.1384372
서대문구,37.57414641,126.9076539
서대문구,37.56714849,126.9350708
서대문구,37.57327826,126.9197815
서대문구,37.57806418,126.9160828
서대문구,37.5783399,126.9240451
서대문구,37.56591992,126.9592895
서대문구,37.56221656,126.9691142
서대문구,37.56790334,126.946641
서대문구,37.57436841,126.9101365
서대문구,37.58159264,126.911033
서대문구,37.58373848,126.9109474
서대문구,37.55967614,126.9567951
서대문구,37.59456867,126.9411671
서대문구,37.5638977,126.9506818
서대문구,37.57295407,126.9555492
서대문구,37.58331954,126.9408583
서대문구,37.58640372,126.9454939
서대문구,37.57069457,126.9137991
서대문구,37.56792652,126.9611468
서대문구,37.57695677,126.9149689
서대문구,37.57912711,126.9277521
서대문구,37.56936623,126.9308511
서대문구,37.57513727,126.9275107
서대문구,37.5597584,126.9547662
서대문구,37.55955735,126.9448232
서대문구,37.56992171,126.9613536
서대문구,37.56623615,126.9588387
서대문구,37.56292966,126.9623734
서대문구,37.58571423,126.923177
서대문구,37.55044679,127.1398729
서대문구,37.66871632,127.0471316
서대문구,37.591278,126.9330955
서대문구,37.60177311,126.9489548
서대문구,37.58316354,126.9484117
서대문구,37.58610187,126.9493669
서대문구,37.59376361,126.9496893
서대문구,37.59456867,126.9411671
서초구,37.4780757,126.9979581
서초구,37.46550983,127.0449169
서초구,37.46902625,127.025174
서초구,37.4687542,127.0252853
서초구,37.45912974,127.0255375
서초구,37.4777238,127.0098213
서초구,37.48376281,127.0311821
서초구,37.49742252,127.0032279
서초구,37.49060375,127.0050971
서초구,37.474779,126.9979741
서초구,37.45200429,127.054445
서초구,37.45657632,127.0168318
서초구,37.4635256,127.0177444
서초구,37.4652302,127.0267824
서초구,37.46221937,127.0250289
서초구,37.46352125,127.026003
서초구,37.46156886,127.0271857
서초구,37.46470639,127.0206695
서초구,37.49414154,127.006164
서초구,37.4955987,127.0024962
서초구,37.4955987,127.0024962
서초구,37.47288503,127.0321457
서초구,37.46493167,127.0361714
서초구,37.50509422,127.0133771
서초구,37.5045884,126.9944728
서초구,37.51155606,127.0057176
서초구,37.49748465,127.0003278
서초구,37.50248627,127.0125127
서초구,37.50048144,126.9860918
서초구,37.47734647,127.0008692
서초구,37.48336375,126.9945155
서초구,37.47976922,126.9855579
서초구,37.48900788,126.9922427
서초구,37.4784386,126.9999959
서초구,37.494149,126.9888474
서초구,37.49674424,127.0257033
서초구,37.47088376,126.9972586
서초구,37.47943876,127.020569
서초구,37.48039714,127.0198949
서초구,37.49260767,127.0085136
서초구,37.49206882,127.0249474
서초구,37.4901932,127.0194681
서초구,37.48596082,127.0116536
서초구,37.50271635,127.0222106
서초구,37.4787274,126.9816048
서초구,37.45114107,127.0640694
서초구,37.49229472,127.028158
서초구,37.45526579,127.059178
서초구,37.4492016,127.0557922
서초구,37.44810272,127.0566007
서초구,37.5107882,127.0164529
서초구,37.4865573,126.9897019
서초구,37.48403103,127.0210635
서초구,37.47920443,127.0410351
서초구,37.47166773,127.0266669
서초구,37.4762473,127.0431581
서초구,37.47367918,127.0335724
서초구,37.4698939,127.0402316
서초구,37.4563504,127.0135471
서초구,37.46282332,127.0222427
서초구,37.48633293,126.9978566
서초구,37.51496828,127.0139817
서초구,37.51496828,127.0139817
서초구,37.48360819,127.0296985
서초구,37.49700282,126.8822513
서초구,37.49742252,127.0032279
서초구,37.49926438,127.0020985
서초구,37.45566865,127.0614433
서초구,37.4555019,127.0543207
서초구,37.47771874,127.0440137
서초구,37.51064914,127.0210392
서초구,37.49742252,127.0032279
성동구,37.54822411,127.0552462
서초구,37.47920202,127.0117111
서초구,37.5141356,127.0194886
서초구,37.4866337,127.0038699
서초구,37.4826788,127.0113958
서초구,37.46760988,127.028492
서초구,37.46436208,127.0426636
성동구,37.55486645,127.0216535
성동구,37.55320828,127.0209099
성동구,37.54717507,127.0223501
성동구,37.54093943,127.0147456
성동구,37.56181571,127.046747
성동구,37.5445462,127.0573736
성동구,37.54817447,127.0532505
성동구,37.56632182,127.045409
성동구,37.56342271,127.0369648
성동구,37.55908246,127.0320544
성동구,37.56121742,127.0458646
성동구,37.54217275,127.0094881
성동구,37.5640345,127.031267
성동구,37.55413024,127.0248941
성동구,37.55918517,127.0349643
성동구,37.545907,127.0108117
성동구,37.56670257,127.0513055
성동구,37.54654382,127.0539607
성동구,37.54640122,127.0443491
성동구,37.54203211,127.0496882
성동구,37.53954163,127.0540237
성동구,37.54542874,127.0469481
성동구,37.55101104,127.0685468
성동구,37.55021984,127.0244981
성동구,37.54364027,127.0134149
성동구,37.5448578,127.0160673
성동구,37.56600312,127.024007
성동구,37.5644462,127.0358921
성동구,37.56108184,127.030512
성동구,37.56461275,127.0553294
성동구,37.55313662,127.0334014
성동구,37.53626031,127.0521771
성동구,37.56395923,127.0358722
성동구,37.5669601,127.0411491
성동구,37.55821767,127.0293475
성북구,37.58848901,127.011781
성북구,37.58802073,127.0121429
성북구,37.60375521,127.0222037
성북구,37.59568296,127.0340923
성북구,37.59822065,126.9944829
성북구,37.61048624,127.0194557
성북구,37.60669169,127.0272911
성북구,37.61118859,127.0159763
성북구,37.6102844,127.0152428
성북구,37.61178726,127.0243767
성북구,37.61158475,127.0383638
성북구,37.53050717,126.8415913
성북구,37.60900163,127.0310132
성북구,37.61336466,127.0541015
성북구,37.60505817,127.0309905
성북구,37.61285678,127.0186168
성북구,37.60477383,127.0406257
성북구,37.59801223,127.0105364
성북구,37.61221291,127.0621608
성북구,37.60510538,127.0156114
성북구,37.60917932,127.0544721
성북구,37.58037584,127.0228048
성북구,37.59883585,127.0043294
성북구,37.5986269,127.0128676
성북구,37.5842302,127.0139749
성북구,37.60412664,127.0370419
성북구,37.61146166,127.0138629
성북구,37.61347396,127.0654922
성북구,37.61296955,127.0614234
성북구,37.60633892,127.0177822
성북구,37.61385565,127.0102952
성북구,37.60995927,127.0264414
성북구,37.59105271,127.0032483
성북구,37.59282016,127.0010497
성북구,37.58933686,127.0147398
성북구,37.6077321,126.9591595
성북구,37.60497334,127.0505857
성북구,37.59094075,127.0222411
성북구,37.59817032,127.0297551
성북구,37.60873899,127.0220069
성북구,37.60906781,127.0153655
성북구,37.55000134,127.098123
성북구,37.60005917,127.0139264
성북구,37.59882719,127.0136237
성북구,37.58581896,127.0213758
성북구,37.6011664,127.0230636
성북구,37.56886407,126.9071105
성북구,37.61545543,127.0510616
성북구,37.61053692,127.0357622
성북구,37.60477383,127.0406257
성북구,37.5961398,127.037435
성북구,37.59648802,127.0362609
성북구,37.5982026,127.0370531
성북구,37.62231028,127.0475627
성북구,37.61406947,127.0436682
성북구,37.6157898,127.0435886
성북구,37.6094114,127.0039545
성북구,37.60143428,127.0166407
성북구,37.61336215,127.007021
성북구,37.60474095,127.0105829
성북구,37.60643172,127.0104819
성북구,37.60665335,127.0194499
성북구,37.60120377,127.0349592
성북구,37.5990314,127.035222
성북구,37.5990314,127.035222
성북구,37.61175536,127.0107763
성북구,37.60482928,127.0346478
성북구,37.48730413,126.889598
성북구,37.58286768,127.0191137
성북구,37.59086202,127.0451125
성북구,37.586259,127.0193244
성북구,37.59559781,127.0138089
성북구,37.59558967,127.0121197
성북구,37.60120274,127.0123705
성북구,37.58221304,127.0141416
송파구,37.5101335,127.1157679
송파구,37.51592732,127.0996432
송파구,37.49962347,127.1375091
송파구,37.49867798,127.1266099
송파구,37.49467422,127.1086491
송파구,37.49557772,127.1217594
송파구,37.4935326,127.146824
송파구,37.49693819,127.143303
송파구,37.4935326,127.146824
송파구,37.49638571,127.1225211
송파구,37.5084119,127.0811374
송파구,37.4750201,127.136567
송파구,37.47176041,127.0881053
송파구,37.50081551,127.1456767
송파구,37.4991909,127.1529327
송파구,37.50005435,127.1394918
송파구,37.51889593,127.115509
송파구,37.5044872,127.1262231
송파구,37.50235782,127.0866942
송파구,37.50356529,127.1036861
송파구,37.50759958,127.1350103
송파구,37.53973508,127.1179048
송파구,37.49601274,127.1499544
송파구,37.49683885,127.1485322
송파구,37.496855,127.1497802
송파구,37.49007127,127.1241789
송파구,37.48987846,127.1108941
송파구,37.51097748,127.1239065
송파구,37.51455243,127.1144492
송파구,37.49593438,127.1359566
송파구,37.50684121,127.0912943
송파구,37.49775174,127.1414889
송파구,37.48349409,127.1197511
송파구,37.51889593,127.115509
송파구,37.49999503,127.1348515
송파구,37.52781185,127.1173554
송파구,37.5072682,127.0942189
송파구,37.49233228,127.1566451
송파구,37.50221953,127.1168475
송파구,37.50309253,127.0788491
송파구,37.5066307,127.1352373
송파구,37.50625438,127.1093064
송파구,37.50231606,127.1167353
송파구,37.4808353,127.1304785
송파구,37.47475906,127.1392698
송파구,37.51210257,127.0823945
송파구,37.5223926,127.102983
송파구,37.48116507,127.1439372
송파구,37.49847753,127.1598321
송파구,37.47966715,127.1393219
송파구,37.49118233,127.1151209
송파구,37.4942737,127.134902
송파구,37.49579305,127.1499774
송파구,37.49526348,127.1343478
송파구,37.57174834,126.8232974
송파구,37.50471274,127.1418199
송파구,37.51544723,127.1343264
송파구,37.4972446,127.1474438
송파구,37.52636373,127.1079574
송파구,37.53049393,127.1195898
송파구,37.4968489,127.1488513
송파구,37.51330132,127.0941042
송파구,37.52015847,127.1122307
송파구,37.51811765,127.1006386
송파구,37.50867282,127.0770893
송파구,37.50614091,127.084327
송파구,37.51198105,127.0870421
송파구,37.48696736,127.1324391
송파구,37.50921317,127.0725773
송파구,37.48437945,127.1301255
송파구,37.51225244,127.1135035
송파구,37.50775208,127.1131965
송파구,37.49359948,127.1222042
송파구,37.49590903,127.1168819
송파구,37.52928979,127.1179357
송파구,37.50108096,126.9336234
송파구,37.53806987,127.1220726
송파구,37.54902225,126.8344231
송파구,37.4822534,127.1239427
송파구,37.49615684,127.1306745
송파구,37.5154282,127.1208007
송파구,37.4965529,127.1577896
송파구,37.4984398,127.1062278
양천구,37.52816409,126.867022
양천구,37.5104483,126.8618164
양천구,37.50898517,126.8671394
양천구,37.53788877,126.8314886
양천구,37.52597157,126.8565997
양천구,37.51515003,126.8547908
양천구,37.5327627,126.8293463
양천구,37.5226094,126.8454888
양천구,37.5399609,126.8249719
양천구,37.51017141,126.8299397
양천구,37.52517302,126.841513
양천구,37.5201913,126.8319414
양천구,37.57267143,127.0467838
양천구,37.5447082,126.862234
양천구,37.51143648,126.8415149
양천구,37.54614282,126.8717009
양천구,37.5336237,126.8269021
양천구,37.5097494,126.8456957
양천구,37.51355896,126.8302587
양천구,37.5303191,126.8690565
양천구,37.54250898,126.8721113
양천구,37.53896815,126.8654892
양천구,37.54111713,126.8690978
양천구,37.53858309,126.8271748
양천구,37.51093167,126.8330706
양천구,37.52345413,126.8319612
양천구,37.5391555,126.8688116
양천구,37.53349939,126.8757691
양천구,37.54098728,126.8724605
양천구,37.5060181,126.8360553
양천구,37.52187649,126.8347047
양천구,37.5246975,126.8400821
양천구,37.51857583,126.8542882
양천구,37.51706003,126.8643908
양천구,37.51439926,126.8596715
양천구,37.51130148,126.8425705
양천구,37.51372539,126.8338175
양천구,37.54147786,126.8325921
양천구,37.54148386,126.8325952
양천구,37.5193298,126.8349702
양천구,37.5222123,126.8425049
양천구,37.5159767,126.8638554
양천구,37.52364872,126.8496732
양천구,37.53872766,126.865706
양천구,37.54163378,126.8306798
양천구,37.5465825,126.8242049
양천구,37.52187163,126.8266897
양천구,37.50937955,126.8592059
양천구,37.53646908,126.8275072
양천구,37.51279032,126.835803
양천구,37.5144979,126.8574578
양천구,37.51017141,126.8299397
양천구,37.51907269,126.8356052
양천구,37.5207785,126.8466581
양천구,37.50230515,127.0641886
양천구,37.5122367,126.8377279
양천구,37.51919891,126.870564
영등포구,37.4860181,126.902551
영등포구,37.52624684,126.9156261
영등포구,37.49451383,126.9061165
영등포구,37.52600915,126.9001092
영등포구,37.53185974,126.920604
영등포구,37.52308243,126.9214217
영등포구,37.4993227,126.9130543
영등포구,37.55372781,126.8299298
영등포구,37.50163872,126.9052171
영등포구,37.51381439,126.9053812
영등포구,37.52512811,126.8974049
영등포구,37.53100152,126.8970459
영등포구,37.5225023,126.8965347
영등포구,37.4946754,126.903896
영등포구,37.49273981,126.8982505
영등포구,37.49831357,126.8980342
영등포구,37.50431669,126.8960768
영등포구,37.5001728,126.9125071
영등포구,37.51039688,126.9079757
영등포구,37.53176177,126.9047467
영등포구,37.49302905,126.90421
영등포구,37.49943584,126.8962844
영등포구,37.50845059,126.9112765
영등포구,37.50638748,126.9215116
영등포구,37.51888095,126.8885366
영등포구,37.51685383,126.8908928
영등포구,37.51553231,126.8913548
영등포구,37.51451244,126.9033098
영등포구,37.52138533,126.9259953
영등포구,37.5373039,126.8956031
영등포구,37.5225942,126.8964512
영등포구,37.50730069,126.9077512
영등포구,37.52580934,126.9071819
영등포구,37.52449264,126.901423
영등포구,37.53333762,126.8929418
영등포구,37.51116548,126.9214401
영등포구,37.49920628,126.9124302
영등포구,37.50889658,126.8940768
영등포구,37.52366097,126.8882353
영등포구,37.53650136,126.8940394
영등포구,37.49837617,126.8966309
영등포구,37.51769079,126.9346118
영등포구,37.52217929,126.9199164
영등포구,37.52538799,126.9036383
영등포구,37.51466633,126.9093394
영등포구,37.51535082,126.9050567
영등포구,37.5101758,126.8974631
영등포구,37.52032142,126.9284754
영등포구,37.5388423,126.8954467
영등포구,37.52257575,126.8980291
영등포구,37.51365655,126.9170772
영등포구,37.5238208,126.9056687
영등포구,37.53071348,126.9244157
영등포구,37.52217929,126.9199164
영등포구,37.5219546,126.9269734
영등포구,37.53158827,126.9063071
영등포구,37.52138533,126.9259953
영등포구,37.49324869,126.9086731
영등포구,37.49860498,126.9089052
영등포구,37.51966412,126.9399092
영등포구,37.53191448,126.9010777
영등포구,37.5208345,126.93045
용산구,37.53394015,126.9633035
용산구,37.54195219,126.9616935
용산구,37.52388803,126.9803068
용산구,37.52106866,126.9804862
용산구,37.53680003,126.9788228
용산구,37.53365825,126.977571
용산구,37.54571601,126.9730957
용산구,37.55183648,126.9770166
용산구,37.54427779,126.9592536
용산구,37.5311285,127.0040755
용산구,37.5324523,126.9904791
용산구,37.52047772,126.9946528
용산구,37.53807408,126.9639003
용산구,37.55255227,126.9821555
용산구,37.55200494,126.9801399
용산구,37.53411481,127.0038505
용산구,37.5329942,126.9706302
용산구,37.53780199,126.9621139
용산구,37.53610529,126.9675541
용산구,37.54189105,126.9684171
용산구,37.5409822,126.982463
용산구,37.53547356,126.9646299
용산구,37.53435336,126.9515473
용산구,37.526247,126.9524526
용산구,37.5345722,126.9880217
용산구,37.55108615,126.9729114
용산구,37.52806274,127.0022996
용산구,37.55071261,126.982711
용산구,37.54071034,126.9736374
용산구,37.52136132,126.9733009
용산구,37.5454328,126.9662837
용산구,37.55278347,126.9675304
용산구,37.52814037,126.9692277
용산구,37.53485685,127.0002689
용산구,37.5460485,126.9833687
용산구,37.54822541,126.9653651
용산구,37.54190409,126.9901954
용산구,37.54250943,126.9618381
용산구,37.5486994,126.9781527
은평구,37.5999275,126.934917
은평구,37.62369524,126.9166928
은평구,37.60950609,126.9130867
은평구,37.59942275,126.9241273
은평구,37.64049912,126.9214212
은평구,37.47176041,127.0881053
은평구,37.62575995,126.9285068
은평구,37.6025369,126.9167657
은평구,37.59292031,126.9208276
은평구,37.63094456,126.9299087
은평구,37.45309891,126.9089166
은평구,37.59169634,126.908048
은평구,37.60110392,126.9351451
은평구,37.62579478,126.9276185
은평구,37.60478315,126.9259272
은평구,37.61389356,126.920643
은평구,37.61179373,126.9255511
은평구,37.63289092,126.9272326
은평구,37.64269952,126.9179894
은평구,37.6434267,126.9203847
은평구,37.64225983,126.9231411
은평구,37.63261367,126.9237525
은평구,37.59436512,126.9232129
은평구,37.64188769,126.9314849
은평구,37.61481284,126.907915
은평구,37.58505337,126.8993249
은평구,37.64188769,126.9314849
은평구,37.61526019,126.9264047
은평구,37.58970143,126.9231455
은평구,37.61216305,126.9360246
은평구,37.59053397,126.9144185
은평구,37.62570186,126.9207983
은평구,37.6458512,126.9271984
은평구,37.6339628,126.9326815
은평구,37.64887727,126.9298064
은평구,37.64421437,126.9289416
은평구,37.64394268,126.9242814
은평구,37.65516993,126.9483464
은평구,37.56515649,127.087356
은평구,37.59162934,126.9167513
은평구,37.58652911,126.9111421
은평구,37.58417885,126.9073048
은평구,37.6387763,126.9324467
은평구,37.58688137,126.9016463
은평구,37.63678588,126.9354277
은평구,37.58435096,126.9070252
종로구,37.57367553,127.0010345
은평구,37.59804899,126.9121968
은평구,37.60828545,126.9285954
은평구,37.60440325,126.9151009
은평구,37.60308718,126.9087472
은평구,37.63456745,126.9258505
은평구,37.61348925,126.9301638
은평구,37.63013936,126.9199312
은평구,37.61897708,126.9282714
은평구,37.63225077,126.9299823
은평구,37.64784979,126.9298142
은평구,37.63722997,126.9331171
은평구,37.64830048,126.9307523
은평구,37.60782227,126.9211829
은평구,37.60279081,126.9291019
은평구,37.60070182,126.9267495
은평구,37.60038431,126.9295826
은평구,37.58596642,126.9196809
은평구,37.62774443,126.9191841
은평구,37.64172049,126.9189216
은평구,37.58280957,126.9076717
은평구,37.64273488,126.9324058
은평구,37.62739959,126.9340247
은평구,37.61089936,126.918454
은평구,37.64293343,126.9165339
은평구,37.62723251,126.9287917
은평구,37.61503131,126.9160516
은평구,37.6052313,126.909748
은평구,37.6040239,126.9124387
은평구,37.60482928,127.0346478
은평구,37.5983354,126.9160785
은평구,37.63652951,126.9334107
은평구,37.598796,126.919936
은평구,37.61089487,126.9354032
은평구,37.61007616,126.9359632
은평구,37.6198052,126.9128659
은평구,37.6183624,126.9157111
종로구,37.57644191,126.9995673
종로구,37.5675109,126.9655318
종로구,37.57319692,126.9865501
종로구,37.57952736,126.9881512
종로구,37.56886701,126.9678123
종로구,37.56885372,126.9651149
종로구,37.5719379,126.9667814
종로구,37.5765922,126.9749747
종로구,37.57948428,126.978764
종로구,37.57875198,126.9813307
종로구,37.5742161,126.9708729
종로구,37.6123237,126.9801855
종로구,37.575848,126.9567832
종로구,37.57447858,126.9818572
종로구,37.57941984,127.0169835
종로구,37.5735002,127.014366
종로구,37.57693373,126.9601425
종로구,37.58797913,126.984087
종로구,37.56970097,126.9700965
종로구,37.5671402,126.9648733
종로구,37.5748364,126.9697832
종로구,37.57019304,126.9667588
종로구,37.57607257,126.9683689
종로구,37.58103147,126.983694
종로구,37.5764504,126.9664672
종로구,37.59026932,126.9978534
종로구,37.57262058,126.975721
종로구,37.57781832,127.0156255
종로구,37.57261854,127.0169671
종로구,37.5671402,126.9648733
종로구,37.58258598,126.9815674
종로구,37.5885021,126.9932172
종로구,37.5728884,126.9994126
종로구,37.57490771,126.9752074
종로구,37.60717766,126.9695765
종로구,37.57626278,126.9789211
종로구,37.57449585,126.9902352
종로구,37.57697036,127.0043413
종로구,37.58622516,127.001478
종로구,37.57259064,126.979139
종로구,37.5741105,126.9992322
종로구,37.57206209,127.0050321
종로구,37.5743581,127.010939
중구,37.56071415,126.9737756
종로구,37.59037936,126.9659196
종로구,37.58408878,126.9706189
종로구,37.55278347,126.9675304
종로구,37.58027962,126.9706409
종로구,37.57984084,127.0159309
종로구,37.61350293,126.9758979
종로구,37.6307894,126.9265575
종로구,37.58603982,126.9819527
종로구,37.57349235,126.9643741
종로구,37.6077321,126.9591595
종로구,37.5708928,126.9701216
종로구,37.5781153,126.9853128
종로구,37.5709136,126.9739577
종로구,37.5752043,126.9582214
종로구,37.58699421,127.0005336
종로구,37.57191646,126.9619613
중구,37.5610369,126.9805067
중구,37.5563848,127.0108371
중구,37.5557123,126.9928718
중구,37.56445698,127.005035
중구,37.56504654,126.9881843
중구,37.55399915,127.0004913
중구,37.56789111,127.0069281
중구,37.54949484,127.0088734
중구,37.5664602,126.9677352
중구,37.55921997,127.01203
중구,37.55163335,127.0043894
중구,37.5542059,126.9567419
중구,37.5573885,127.0140622
중구,37.55998038,127.0194208
중구,37.56233972,127.0033626
중구,37.56360358,126.9895805
중구,37.56730233,126.9822878
중구,37.56631742,126.9778292
중구,37.55883453,126.9883273
중구,37.56410621,126.9736993
중구,37.56742034,126.9778735
중구,37.5541849,126.9633348
중구,37.56746899,126.9905563
중구,37.55455061,126.9812841
중구,37.56454791,126.9759778
중구,37.5551209,126.9625541
중구,37.55562546,126.9638899
중구,37.56343586,127.0216356
중구,37.56201888,127.014445
중구,37.56109423,127.0135343
중구,37.55254992,127.0109237
중구,37.55128325,127.0076071
중구,37.56171915,127.0189284
중구,37.56508767,126.9888563
중구,37.56538864,126.9727285
중구,37.5616665,126.9746175
중구,37.56206674,126.9995501
중구,37.5637438,126.9701949
중구,37.55947383,126.9735593
중구,37.56379791,126.9975655
중구,37.56599955,126.9731799
중구,37.55631251,127.0159763
중구,37.56054171,126.9962343
중구,37.56428474,126.9889361
중구,37.56757104,126.9709693
중구,37.56438848,126.9884365
중구,37.56070426,127.0021513
중구,37.57041957,127.0192421
중구,37.55726024,126.9789712
중랑구,37.58594603,127.0752657
중랑구,37.5760233,127.0786174
중랑구,37.6152957,127.0889334
중랑구,37.47176041,127.0881053
중랑구,37.57267143,127.0467838
중랑구,37.6192357,127.0812132
중랑구,37.58478172,127.0945969
중랑구,37.6109183,127.0971348
중랑구,37.6099904,127.095156
중랑구,37.6083166,127.0939043
중랑구,37.6108237,127.0923087
중랑구,37.5857347,127.0779115
중랑구,37.57416749,127.0883012
중랑구,37.6069684,127.0966966
중랑구,37.61054952,127.1049355
중랑구,37.59236263,127.0981502
중랑구,37.60148157,127.1063676
중랑구,37.58977103,127.0790279
중랑구,37.58295612,127.088069
중랑구,37.57469791,127.0856068
중랑구,37.58575379,127.0794746
중랑구,37.57900994,127.0869653
중랑구,37.61241654,127.0784803
중랑구,37.60961237,127.0760149
중랑구,37.59983516,127.0871596
중랑구,37.60587165,127.0995057
중랑구,37.60116769,127.0806587
중랑구,37.60283265,127.0761681
중랑구,37.57853081,127.0943534
중랑구,37.6043571,127.0947995
중랑구,37.61532755,127.0834651
중랑구,37.61213555,127.1141893
중랑구,37.6164342,127.1068688
중랑구,37.61655762,127.1097547
중랑구,37.60637049,127.0915882
중랑구,37.60645358,127.0947074
중랑구,37.5946307,127.0975192
중랑구,37.60266318,127.1039257
중랑구,37.6065857,127.1057402
중랑구,37.59205044,127.0748116
중랑구,37.61262629,127.0785209
중랑구,37.59035705,127.088007
중랑구,37.60834023,127.0762678
중랑구,37.60626449,127.0736816
중랑구,37.58735398,127.0875542
중랑구,37.61517065,127.0869063
중랑구,37.5930958,127.0787114
중랑구,37.60266318,127.1039257
중랑구,37.5949713,127.1009158
중랑구,37.59504537,127.0747092
중랑구,37.57335033,127.0891213
중랑구,37.5870711,127.0808276
중랑구,37.6137359,127.0930209
중랑구,37.58007117,127.0934307
중랑구,37.57310253,127.0832674
중랑구,37.5992127,127.0934573
