위도,경도,구
37.6920803,127.0312043,도봉구
37.6474261,127.0414291,도봉구
37.6541919,127.0290879,도봉구
37.64727111,127.0523187,도봉구
37.6803963,127.0500458,도봉구
37.6889748,127.0431725,도봉구
37.6856475,127.0450237,도봉구
37.6838254,127.0433093,도봉구
37.6806313,127.0427453,도봉구
37.6720052,127.0412072,도봉구
37.6743303,127.0458103,도봉구
37.6631059,127.0322622,도봉구
37.6684889,127.0315749,도봉구
37.6673406,127.0371512,도봉구
37.6689795,127.039176,도봉구
37.6678419,127.0421955,도봉구
37.6637475,127.0336461,도봉구
37.6644567,127.041749,도봉구
37.6635246,127.0369361,도봉구
37.6635246,127.0369361,도봉구
37.6676592,127.0447831,도봉구
37.6609382,127.0396947,도봉구
37.6497343,127.0301124,도봉구
37.6506429,127.0229685,도봉구
37.6480726,127.0291963,도봉구
37.6500558,127.0510344,도봉구
37.6468286,127.0517995,도봉구
37.650387,127.0529829,도봉구
37.64436,127.0522814,도봉구
37.6529957,127.0403553,도봉구
37.6496529,127.0437757,도봉구
37.6471171,127.0412529,도봉구
37.6465834,127.0450164,도봉구
37.6487859,127.0458545,도봉구
37.6430752,127.0486262,도봉구
37.6400636,127.040857,도봉구
37.6375725,127.0412883,도봉구
37.6381458,127.036365,도봉구
37.6447409,127.0393257,도봉구
37.6452098,127.0349159,도봉구
37.6427555,127.0352756,도봉구
37.6501236,127.0368382,도봉구
37.6549516,127.0397052,도봉구
37.6333294,127.0412078,도봉구
37.6412657,127.0362989,도봉구
37.6778355,127.0338381,도봉구
37.67844303,127.0389233,도봉구
37.6489288,127.0219352,도봉구
37.69077285,127.0465624,도봉구
37.6892727,127.0475814,도봉구
37.6633231,127.0292778,도봉구
37.6875164,127.0428127,도봉구
37.6545297,127.0163509,도봉구
37.6520013,127.0387085,도봉구
37.6768238,127.0490433,도봉구
37.661482,127.0371404,도봉구
37.6862776,127.0408206,도봉구
37.6569337,127.0280205,도봉구
37.6590534,127.0287138,도봉구
37.6553216,127.0347283,도봉구
37.6591413,127.0279921,도봉구
37.6624333,127.0418448,도봉구
37.6882419,127.0467981,도봉구
37.6601682,127.045372,도봉구
37.6644754,127.0454838,도봉구
37.6634352,127.0276147,도봉구
37.6877313,127.0439158,도봉구
37.6482319,127.0268292,도봉구
37.6607526,127.0220787,도봉구
37.6611929,127.0505123,도봉구
37.6756414,127.0466808,도봉구
,,동대문구
37.57385655,127.0241852,동대문구
,,동대문구
37.56526436,127.0643819,동대문구
,,동대문구
,,동대문구
37.5713224,127.0725893,동대문구
,,동대문구
,,동대문구
37.56484697,127.0593171,동대문구
37.57716529,127.0709026,동대문구
37.56748813,127.0737398,동대문구
37.5638584,127.0679937,동대문구
,,동대문구
37.56784857,127.0674928,동대문구
37.59889444,127.0538436,동대문구
37.58958379,127.0435376,동대문구
37.57332011,127.0638172,동대문구
37.58121225,127.0675943,동대문구
,,동대문구
,,동대문구
,,동대문구
,,동대문구
,,동대문구
,,동대문구
37.59222758,127.0611988,동대문구
,,동대문구
,,동대문구
,,동대문구
,,동대문구
,,동대문구
,,동대문구
,,동대문구
,,동대문구
,,동대문구
,,동대문구
37.58118377,127.0318885,동대문구
,,동대문구
,,동대문구
,,동대문구
,,동대문구
,,동대문구
,,동대문구
,,동대문구
37.506659,126.925844,동작구
37.49321807,126.9384079,동작구
37.509371,126.943688,동작구
37.511663,126.958792,동작구
37.48538566,126.9757312,동작구
37.51345628,126.9494127,동작구
37.503551,126.954296,동작구
37.501617,126.951273,동작구
37.498885,126.944953,동작구
37.483419,126.966736,동작구
37.48053895,126.979537,동작구
37.51066813,126.9627656,동작구
37.494528,126.912513,동작구
37.493815,126.936031,동작구
37.481981,126.974169,동작구
37.479905,126.973124,동작구
37.480474,126.970034,동작구
37.479616,126.969571,동작구
37.478284,126.970241,동작구
37.498336,126.921885,동작구
37.480071,126.974021,동작구
37.50092249,126.930155,동작구
37.495349,126.929617,동작구
37.503828,126.977294,동작구
37.487568,126.965354,동작구
37.483714,126.967932,동작구
37.482608,126.969174,동작구
37.511023,126.954241,동작구
37.486354,126.965684,동작구
37.487572,126.907983,동작구
37.486987,126.905905,동작구
37.505468,126.966267,동작구
37.506795,126.944663,동작구
37.501059,126.960027,동작구
37.493693,126.980349,동작구
37.484811,126.972026,동작구
37.513788,126.950109,동작구
37.506795,126.944641,동작구
37.496881,126.932279,동작구
37.50479617,126.942298,동작구
37.494617,126.952962,동작구
37.506578,126.964102,동작구
37.488467,126.974311,동작구
37.503299,126.941042,동작구
37.503186,126.943593,동작구
37.505644,126.942102,동작구
37.509385,126.957863,동작구
37.48562691,126.9043083,동작구
37.5052677,126.9481801,동작구
37.48733571,126.9744112,동작구
37.5045058,126.9605347,동작구
37.505903,126.9518335,동작구
37.625092,126.926178,은평구
37.615323,126.919745,은평구
37.614689,126.915685,은평구
37.617265,126.913295,은평구
37.625135,126.918535,은평구
37.603973,126.923728,은평구
37.605114,126.938126,은평구
37.601679,126.923517,은평구
37.598043,126.919446,은평구
37.595367,126.917374,은평구
37.601073,126.918478,은평구
37.606876,126.914238,은평구
37.608641,126.916513,은평구
37.616846,126.908951,은평구
37.598914,126.911312,은평구
37.595946,126.911954,은평구
37.582994,126.906559,은평구
37.604098,126.916651,은평구
37.621482,126.915707,은평구
37.583268,126.916127,은평구
37.611011,126.908075,은평구
37.607188,126.907777,은평구
37.623992,126.916508,은평구
37.586711,126.911699,은평구
37.60631,126.9342,은평구
37.591312,126.928971,은평구
37.590721,126.905813,은평구
37.605483,126.930922,은평구
37.603157,126.929288,은평구
37.603459,126.932237,은평구
37.59242,126.910584,은평구
37.600268,126.906472,은평구
37.640075,126.932882,은평구
37.59302004,126.9221859,은평구
37.618784,126.930834,은평구
37.629366,126.927014,은평구
37.605799,126.940903,은평구
37.585195,126.891941,은평구
37.63840258,126.9138099,은평구
37.614968,126.910327,은평구
37.60836,126.919486,은평구
37.61634,126.931455,은평구
37.62933219,126.9273554,은평구
37.604686,126.915235,은평구
37.63783996,126.9165117,은평구
37.621404,126.928596,은평구
37.614034,126.920502,은평구
37.60325117,126.9322993,은평구
37.599915,126.925992,은평구
37.587111,126.919033,은평구
37.614762,126.907901,은평구
37.586731,126.923094,은평구
37.609251,126.90656,은평구
37.611787,126.909981,은평구
37.63513448,126.9253782,은평구
37.594288,126.919595,은평구
37.64118472,126.9428673,은평구
37.611442,126.910162,은평구
37.614886,126.907774,은평구
37.591827,126.918252,은평구
37.609041,126.929362,은평구
37.648497,126.929826,은평구
37.648497,126.929826,은평구
37.646145,126.927556,은평구
37.633198,126.919096,은평구
37.637075,126.916493,은평구
37.634196,126.925428,은평구
37.632016,126.93076,은평구
37.635399,126.934794,은평구
37.632016,126.93076,은평구
37.624806,126.92741,은평구
37.626369,126.925398,은평구
37.61362,126.929777,은평구
37.595561,126.904347,은평구
37.594385,126.908643,은평구
37.641342,126.942228,은평구
37.599552,126.915551,은평구
37.618267,126.932812,은평구
37.618267,126.932812,은평구
37.619234,126.936128,은평구
37.619234,126.936128,은평구
37.61227,126.939287,은평구
37.616903,126.928972,은평구
37.630017,126.930244,은평구
37.587015,126.923141,은평구
37.644332,126.918009,은평구
37.605192,126.923387,은평구
37.601518,126.929762,은평구
37.605848,126.926897,은평구
37.605954,126.927616,은평구
37.616116,126.930421,은평구
37.608536,126.907223,은평구
37.610501,126.918888,은평구
37.599395,126.932051,은평구
37.61512,126.90778,은평구
37.595602,126.919066,은평구
37.597018,126.906734,은평구
37.593894,126.908112,은평구
37.591562,126.902567,은평구
37.60514883,126.9230105,은평구
37.618962,126.9211621,은평구
37.623976,127.046488,강북구
37.633443,,강북구
37.645866,127.020635,강북구
37.640764,127.024431,강북구
37.642612,127.026714,강북구
37.638742,127.018697,강북구
37.638514,127.023986,강북구
37.645951,127.020465,강북구
37.635202,127.018417,강북구
37.630852,127.017011,강북구
37.636307,,강북구
37.638686,127.008423,강북구
37.6460666,127.0127415,강북구
37.629534,127.014863,강북구
37.646688,127.015689,강북구
37.65301305,127.012249,강북구
37.62758933,127.0302701,강북구
37.62536211,127.031259,강북구
37.62231672,127.032307,강북구
37.62768452,127.022893,강북구
37.63209072,127.025573,강북구
37.618286,127.027053,강북구
37.62361033,127.0262405,강북구
37.63387737,127.0252619,강북구
,,강북구
37.618383,127.024271,강북구
,127.012902,강북구
,127.032131,강북구
37.626008,,강북구
37.624872,127.014615,강북구
,127.020225,강북구
37.614482,127.020702,강북구
37.617126,127.017436,강북구
37.618199,127.017141,강북구
37.617067,127.017399,강북구
37.615502,127.037587,강북구
37.613866,127.030491,강북구
37.636018,127.024953,강북구
37.638634,127.027973,강북구
37.639482,127.033005,강북구
37.62923217,127.0330423,강북구
37.624364,127.017047,강북구
37.633912,127.034511,강북구
37.627774,127.044421,강북구
37.629802,127.039829,강북구
37.5524155,127.1430368,강동구
37.55504732,127.1539494,강동구
37.557079,127.149995,강동구
37.558206,127.152203,강동구
37.559711,127.152467,강동구
37.561901,127.159087,강동구
37.5591586,127.1598268,강동구
37.561146,127.164455,강동구
37.5469247,127.167312,강동구
37.548156,127.153648,강동구
37.531437,127.143288,강동구
37.550259,127.123729,강동구
37.556493,,강동구
37.553691,127.141229,강동구
37.5565294,,강동구
37.54498878,127.1362629,강동구
37.53912769,127.133246,강동구
37.546877,127.167582,강동구
37.565352,127.175724,강동구
37.562677,127.177545,강동구
37.560861,127.180266,강동구
37.547038,127.123604,강동구
37.569526,127.174559,강동구
37.559936,127.177202,강동구
37.552756,127.137981,강동구
37.558585,127.174682,강동구
37.556768,127.174727,강동구
37.566745,127.179213,강동구
37.552473,127.143352,강동구
37.5330568,127.1513563,강동구
37.5512577,127.1634092,강동구
37.551537,127.141455,강동구
37.54460149,127.139905,강동구
37.531369,127.134773,강동구
37.52851478,127.132711,강동구
37.52471702,127.131302,강동구
37.531236,127.129903,강동구
37.526993,127.127036,강동구
37.53621038,127.142551,강동구
37.5423345,127.1454038,강동구
37.539039,127.142255,강동구
37.53831458,127.137376,강동구
37.5510159,127.1447414,강동구
37.549932,127.1456059,강동구
37.526764,127.123929,강동구
37.55212624,127.130563,강동구
37.5500717,127.1255454,강동구
37.553613,127.135704,강동구
37.556567,127.137608,강동구
37.55576061,127.1299975,강동구
37.54380935,127.1284086,강동구
37.54540502,127.131821,강동구
37.547119,127.129682,강동구
37.542946,127.122505,강동구
37.5405287,127.1314181,강동구
37.545489,127.138494,강동구
37.545101,127.138573,강동구
37.547844,127.136878,강동구
37.529486,127.126516,강동구
37.550106,127.147099,강동구
37.540033,127.123192,강동구
37.5608275,127.153742,강동구
37.556235,127.154997,강동구
37.561635,127.162736,강동구
37.559162,127.164191,강동구
37.560012,127.169476,강동구
37.554712,127.167908,강동구
37.552388,127.167009,강동구
37.549262,127.171472,강동구
37.547741,127.161966,강동구
37.546126,127.159677,강동구
37.547964,127.150864,강동구
37.552017,127.1435031,강동구
37.5521507,127.1436747,강동구
37.526708,127.021458,강남구
37.49319912,127.0830019,강남구
37.489885,127.077436,강남구
37.488628,127.064142,강남구
37.48970641,127.0682905,강남구
37.495123,127.061109,강남구
37.489623,127.048394,강남구
37.484552,127.0468249,강남구
37.479681,127.036037,강남구
37.485594,127.045605,강남구
37.48821488,127.0594681,강남구
37.48970641,127.0682905,강남구
37.523249,127.049676,강남구
37.520727,127.035334,강남구
37.494917,127.053606,강남구
37.4830336,127.063861,강남구
37.485434,127.0596369,강남구
37.496049,127.0788531,강남구
37.487436,127.1062898,강남구
37.480936,127.069411,강남구
37.515548,127.0251861,강남구
37.516489,127.036994,강남구
37.48963705,127.041861,강남구
37.489953,127.0363246,강남구
37.531496,127.030123,강남구
37.500748,127.044485,강남구
37.499848,127.044636,강남구
37.499059,127.043268,강남구
37.49801996,127.046352,강남구
37.523911,127.0356032,강남구
37.498081,127.046708,강남구
37.492589,127.045762,강남구
37.498247,127.047136,강남구
37.516663,127.040299,강남구
37.51611453,127.040616,강남구
37.514379,127.060169,강남구
37.51278833,127.053987,강남구
37.494313,127.0544175,강남구
37.497183,127.046607,강남구
37.48359088,127.0887929,강남구
37.48088953,127.076069,강남구
37.487307,127.092754,강남구
37.474676,127.103057,강남구
37.469014,127.104715,강남구
37.46670933,127.107458,강남구
37.48651921,127.0921363,강남구
37.527425,127.021936,강남구
37.513888,127.046723,강남구
37.50251536,127.0303909,강남구
37.496998,127.039348,강남구
37.493903,127.046942,강남구
37.485319,127.046753,강남구
37.500748,127.050364,강남구
37.51003194,127.039492,강남구
37.509026,127.020792,강남구
37.510851,127.017942,강남구
37.512617,127.013669,강남구
37.51122564,127.0300758,강남구
37.506648,127.021935,강남구
37.515685,127.035281,강남구
37.511646,127.0387639,강남구
37.521114,127.021627,강남구
37.522898,127.017064,강남구
37.524131,127.0319138,강남구
37.52342193,127.029229,강남구
37.526208,127.027304,강남구
37.53268534,127.0322088,강남구
37.530689,127.022677,강남구
37.518515,127.045196,강남구
37.518324,127.051865,강남구
37.525154,127.0442417,강남구
37.522979,127.041076,강남구
37.483326,127.0451093,강남구
37.484915,127.0443053,강남구
37.495327,127.035846,강남구
37.497225,127.021971,강남구
37.493835,127.032209,강남구
37.497571,127.0362551,강남구
37.490961,127.024931,강남구
37.505409,127.0311674,강남구
37.49982553,127.0581713,강남구
37.496941,127.058458,강남구
37.501649,127.0515319,강남구
37.48370515,127.0608782,강남구
37.485235,127.067125,강남구
37.485235,127.067125,강남구
37.47602964,127.0492625,강남구
37.474238,127.043675,강남구
37.492002,127.068214,강남구
37.491431,127.076807,강남구
37.49204899,127.079419,강남구
37.484831,127.090647,강남구
37.491953,127.064406,강남구
37.496013,127.067034,강남구
37.480681,127.071949,강남구
37.482993,127.067728,강남구
37.483047,127.068692,강남구
37.484061,127.073013,강남구
37.482102,127.0822265,강남구
37.48327765,127.0859615,강남구
37.484753,127.075966,강남구
37.484772,127.0890958,강남구
37.48713637,127.089183,강남구
37.49213676,127.0997523,강남구
37.491169,127.099314,강남구
37.487518,127.096653,강남구
37.463874,127.098339,강남구
37.466333,127.104617,강남구
37.46801863,127.096174,강남구
37.48190388,127.093319,강남구
37.473573,127.091406,강남구
37.470276,127.100111,강남구
37.473276,127.1081902,강남구
37.50467201,127.027767,강남구
37.462426,127.097552,강남구
37.474486,127.091064,강남구
37.466445,127.095331,강남구
37.469317,127.0907547,강남구
37.472608,127.093071,강남구
37.474515,127.096381,강남구
37.47330498,127.0997276,강남구
37.472267,127.101805,강남구
37.471058,127.092804,강남구
37.465664,127.097181,강남구
37.465072,127.093755,강남구
37.467518,127.099851,강남구
37.494298,127.0616031,강남구
37.495443,127.061029,강남구
37.50129626,127.0440001,강남구
37.49580707,127.0523046,강남구
37.46716524,127.0986125,강남구
37.46676405,127.0980565,강남구
37.49486214,127.0617781,강남구
37.4959785,127.061581,강남구
37.55282,126.843808,강서구
37.574254,126.841332,강서구
37.557007,126.869821,강서구
37.577983,126.808105,강서구
37.539906,126.849751,강서구
37.588011,126.796781,강서구
37.552858,126.856221,강서구
37.570635,126.849087,강서구
37.567599,126.853729,강서구
37.561783,126.864104,강서구
37.559782,126.842567,강서구
37.563683,126.841391,강서구
37.558865,126.849984,강서구
37.580907,126.81412,강서구
37.573562,126.821695,강서구
37.557535,126.852151,강서구
37.536938,126.843936,강서구
37.550967,126.829893,강서구
37.55454,126.825837,강서구
37.569783,126.823068,강서구
37.566183,126.813091,강서구
37.556699,126.812659,강서구
37.548414,126.874399,강서구
37.551163,126.869438,강서구
37.551786,126.875286,강서구
37.559235,126.854759,강서구
37.55261,126.863328,강서구
37.556275,126.857379,강서구
37.555871,126.862861,강서구
37.546638,126.859908,강서구
37.560723,126.843248,강서구
37.561861,126.852004,강서구
37.559303,126.844996,강서구
37.562782,126.845988,강서구
37.559106,126.847497,강서구
37.560711,126.840279,강서구
37.563238,126.848535,강서구
37.543303,126.844116,강서구
37.541815,126.844354,강서구
37.539908,126.843928,강서구
37.538365,126.844436,강서구
37.541392,126.846938,강서구
37.544538,126.848941,강서구
37.546097,126.845352,강서구
37.547141,126.847807,강서구
37.546321,126.850461,강서구
37.540768,126.849087,강서구
37.539725,126.847003,강서구
37.538536,126.850451,강서구
37.529643,126.840748,강서구
37.531101,126.841222,강서구
37.531491,126.838777,강서구
37.532101,126.844653,강서구
37.528231,126.846009,강서구
37.529554,126.844986,강서구
37.533313,126.85605,강서구
37.530115,126.856902,강서구
37.530115,126.853739,강서구
37.544468,126.834711,강서구
37.547649,126.834751,강서구
37.540958,126.834336,강서구
37.544871,126.835911,강서구
37.546917,126.833001,강서구
37.531104,126.859414,강서구
37.531163,126.862932,강서구
37.533937,126.861301,강서구
37.536695,126.855316,강서구
37.535302,126.858021,강서구
37.550169,126.838658,강서구
37.548687,126.838686,강서구
37.543234,126.841377,강서구
37.548372,126.844024,강서구
37.531816,126.846863,강서구
37.541419,126.839983,강서구
37.549726,126.848944,강서구
37.552035,126.846474,강서구
37.554707,126.853537,강서구
37.550667,126.851903,강서구
37.538026,126.838591,강서구
37.535153,126.835992,강서구
37.538048,126.836229,강서구
37.535784,126.840511,강서구
37.533399,126.841895,강서구
37.532081,126.848297,강서구
37.535964,126.850746,강서구
37.538002,126.847506,강서구
37.529462,126.849512,강서구
37.534837,126.846751,강서구
37.571854,126.844243,강서구
37.568594,126.848864,강서구
37.570095,126.847132,강서구
37.569758,126.844789,강서구
37.565769,126.854721,강서구
37.565086,126.851657,강서구
37.563578,126.854686,강서구
37.562405,126.857527,강서구
37.559504,126.862944,강서구
37.562509,126.860808,강서구
37.552042,126.833204,강서구
37.546857,126.822944,강서구
37.554331,126.827431,강서구
37.551205,126.823201,강서구
37.555429,126.823007,강서구
37.557413,126.842084,강서구
37.555964,126.837765,강서구
37.556117,126.840003,강서구
37.554197,126.815978,강서구
37.554534,126.818395,강서구
37.556809,126.813805,강서구
37.560635,126.811276,강서구
37.571198,126.815041,강서구
37.573113,126.812217,강서구
37.567986,126.816214,강서구
37.564839,126.815435,강서구
37.574806,126.812748,강서구
37.571792,126.819136,강서구
37.570583,126.821181,강서구
37.566522,126.806987,강서구
37.567221,126.806731,강서구
37.570073,126.808687,강서구
37.583724,126.816494,강서구
37.564958,126.807825,강서구
37.572699,126.809466,강서구
37.569485,126.809344,강서구
37.570621,126.806422,강서구
37.577955,126.810583,강서구
37.578615,126.814415,강서구
37.579358,126.810313,강서구
37.576054,126.818793,강서구
37.575238,126.818941,강서구
37.580248,126.812534,강서구
37.563075,126.818681,강서구
37.564793,126.819154,강서구
37.563003,126.818161,강서구
37.556989,126.817017,강서구
37.570311,126.825543,강서구
37.563515,126.822741,강서구
37.555856,126.825767,강서구
37.555822,126.826886,강서구
37.46964774,126.9079262,금천구
37.46364031,126.9076165,금천구
37.468233,126.908522,금천구
37.454747,126.910204,금천구
37.473526,126.907326,금천구
37.463664,126.884123,금천구
37.44639673,126.9044447,금천구
37.47561479,126.8955477,금천구
37.473337,126.893278,금천구
37.482876,126.884528,금천구
37.45695474,126.8871937,금천구
37.454889,126.888937,금천구
37.45288913,126.8896337,금천구
37.47303262,126.8942618,금천구
37.46824515,126.8908193,금천구
37.466546,126.903303,금천구
37.46282267,126.9009392,금천구
37.460149,126.900302,금천구
37.464377,126.904391,금천구
37.46567731,126.9063221,금천구
37.46351982,126.9049179,금천구
37.477455,126.907262,금천구
37.47292006,126.9059645,금천구
37.472321,126.900396,금천구
37.477891,126.902278,금천구
37.4740151,126.902233,금천구
37.467716,126.904573,금천구
37.470894,126.904015,금천구
37.46936829,126.9016706,금천구
37.448336,126.902123,금천구
37.459026,126.904239,금천구
37.457773,126.901866,금천구
37.45266794,126.9044062,금천구
37.44783408,126.9012021,금천구
37.44561107,126.9005113,금천구
37.443219,126.905877,금천구
37.441597,126.906264,금천구
37.439645,126.905003,금천구
37.434878,126.904883,금천구
37.45569721,,금천구
37.460931,126.912588,금천구
37.461586,126.912238,금천구
37.459874,126.907849,금천구
37.460754,126.910507,금천구
37.461247,126.906169,금천구
37.456225,126.906735,금천구
37.452119,126.906993,금천구
37.448147,126.908596,금천구
37.45822937,126.8962053,금천구
37.458753,126.896014,금천구
37.437907,126.904519,금천구
,,금천구
37.50984705,126.8890762,구로구
37.508432,126.888733,구로구
37.510678,126.888452,구로구
37.48703809,126.886243,구로구
37.487173,126.8901545,구로구
37.4904165,126.891578,구로구
37.489254,126.880616,구로구
37.49791653,126.8804405,구로구
37.501239,126.891969,구로구
37.49748278,126.8896027,구로구
37.48502191,126.888408,구로구
37.500156,126.884417,구로구
37.577985,126.950593,구로구
37.492279,126.888217,구로구
37.508017,126.852322,구로구
37.505292,126.853069,구로구
37.50658242,126.8532783,구로구
37.507017,126.853545,구로구
37.506852,126.854254,구로구
37.504948,126.866221,구로구
37.577985,126.950593,구로구
37.489741,126.858768,구로구
37.504867,126.858768,구로구
37.489928,126.852866,구로구
37.488486,126.852386,구로구
37.482821,126.851652,구로구
37.500611,126.854191,구로구
37.499696,126.849376,구로구
37.488094,126.854735,구로구
37.571952,126.963169,구로구
37.500374,126.848974,구로구
37.485594,126.838383,구로구
37.494631,126.817658,구로구
37.496736,126.820991,구로구
37.496736,126.820991,구로구
37.496337,126.825012,구로구
37.497891,126.829601,구로구
37.576299,126.832162,구로구
37.479003,126.838689,구로구
37.481146,126.841975,구로구
37.476131,126.841125,구로구
37.48530509,126.8400322,구로구
37.483092,126.845813,구로구
37.480377,126.839291,구로구
37.48469858,126.8424192,구로구
37.48196844,126.8236695,구로구
37.494783,126.844884,구로구
37.493631,126.842953,구로구
37.482231,126.843491,구로구
37.491879,126.9414281,관악구
,126.923932,관악구
37.472323,126.940612,관악구
37.488678,,관악구
37.471823,126.978932,관악구
37.472906,126.980544,관악구
37.471865,126.981333,관악구
37.47453441,126.9768782,관악구
37.466402,126.921869,관악구
37.48480913,126.920679,관악구
,126.925741,관악구
37.486533,126.932555,관악구
37.482374,126.913108,관악구
37.478054,126.939008,관악구
37.488223,126.942996,관악구
37.490274,126.943211,관악구
37.490053,126.940606,관악구
37.476815,126.933237,관악구
37.480272,126.949269,관악구
37.476236,126.953512,관악구
37.476656,126.935702,관악구
37.462803,126.915263,관악구
37.482017,126.928727,관악구
37.480884,126.918234,관악구
37.478631,126.939049,관악구
37.482015,126.9028913,관악구
37.480767,,관악구
37.485144,126.939678,관악구
,126.934035,관악구
37.484446,126.948278,관악구
37.484451,126.949378,관악구
37.476436,126.969325,관악구
37.482694,126.935717,관악구
37.475822,126.940794,관악구
37.474084,126.915317,관악구
37.486319,126.915149,관악구
37.473548,126.912623,관악구
37.488732,126.937591,관악구
37.475466,126.943506,관악구
37.474839,126.963329,관악구
37.473281,126.963998,관악구
37.475841,126.925639,관악구
37.477823,126.949514,관악구
37.477619,126.944732,관악구
37.479924,126.959507,관악구
37.477901,126.955456,관악구
37.473919,126.967365,관악구
37.459512,126.932978,관악구
37.469214,126.941932,관악구
37.468445,126.936475,관악구
37.467506,126.934163,관악구
37.474417,126.961074,관악구
37.474417,126.961074,관악구
37.479094,126.962395,관악구
37.475633,126.914788,관악구
37.475162,126.942644,관악구
37.469331,126.938168,관악구
37.473461,126.924653,관악구
37.467861,126.942282,관악구
37.474772,126.913364,관악구
37.475334,126.962545,관악구
37.480969,126.941048,관악구
37.461967,126.930214,관악구
37.476781,126.943796,관악구
37.467908,126.920805,관악구
37.466517,126.935286,관악구
37.48039993,126.913959,관악구
37.477136,,관악구
37.473131,126.912442,관악구
37.487922,126.934307,관악구
37.473626,126.932549,관악구
37.465079,126.927068,관악구
37.483375,126.959752,관악구
37.469221,126.964465,관악구
37.483056,126.960301,관악구
37.471931,126.982172,관악구
37.564536,127.0791404,광진구
37.56833955,127.0802718,광진구
37.55678368,127.0921836,광진구
37.559563,127.075261,광진구
37.5588785,127.0910182,광진구
37.553395,127.070549,광진구
37.538013,127.083613,광진구
37.54063897,127.0906565,광진구
37.541247,127.0945497,광진구
37.536273,127.0901399,광진구
37.54290187,127.0911934,광진구
37.548121,127.0921729,광진구
,127.0952179,광진구
37.53650197,127.0947429,광진구
37.541424,127.077953,광진구
37.536431,127.084515,광진구
37.54598705,127.1040746,광진구
37.54811643,127.1005786,광진구
37.533371,127.054402,광진구
37.532914,127.057631,광진구
37.53316599,127.078175,광진구
37.53444989,127.0821906,광진구
37.535642,127.0778291,광진구
37.53214999,127.0879491,광진구
37.53030864,127.082539,광진구
37.531866,127.0742772,광진구
37.53913301,127.0685093,광진구
37.536177,127.053077,광진구
37.530871,127.079924,광진구
37.533555,127.061065,광진구
37.53840524,127.0815964,광진구
37.54651806,127.0677058,광진구
37.544337,127.0704694,광진구
37.542693,127.0670234,광진구
37.54160832,127.0696023,광진구
37.546504,127.063046,광진구
37.555947,127.064935,광진구
37.55456506,127.0728509,광진구
37.54593706,127.088595,광진구
37.5525072,127.0829302,광진구
37.578276,127.012931,종로구
37.577525,126.960547,종로구
37.578868,126.989712,종로구
37.571415,126.979819,종로구
37.579546,127.010184,종로구
37.614801,126.974498,종로구
37.612876,126.970377,종로구
37.582545,126.962407,종로구
37.588055,126.998279,종로구
37.606448,126.964642,종로구
37.577468,126.956975,종로구
37.578234,126.988566,종로구
37.570612,126.9880601,종로구
37.574379,127.001063,종로구
37.575758,127.000795,종로구
37.573911,126.970542,종로구
37.572497,126.971637,종로구
37.57628582,126.9682319,종로구
37.571311,126.965634,종로구
37.584487,126.996902,종로구
37.610258,126.964365,종로구
37.569989,126.980784,종로구
37.569254,126.974735,종로구
37.57049685,126.9710752,종로구
37.573162,127.018284,종로구
37.580336,127.002513,종로구
37.58769948,126.983451,종로구
37.591168,126.990122,종로구
37.57756126,127.0181626,종로구
37.610096,126.977439,종로구
37.572637,127.008919,종로구
37.573998,126.981143,종로구
37.578947,127.014468,종로구
37.583336,126.963713,종로구
37.601976,126.980549,종로구
37.570172,126.965838,종로구
37.569973,126.965774,종로구
37.572146,126.961564,종로구
37.592305,126.964166,종로구
37.573679,126.960267,종로구
37.570953,126.973709,종로구
,,종로구
37.56773915,126.9713585,중구
37.56692913,127.0043893,중구
37.548628,,중구
37.56223381,127.0245747,중구
37.56355885,127.0006655,중구
37.56446028,127.005037,중구
37.5674949,127.0180129,중구
37.56440726,126.9726897,중구
37.555579,,중구
37.552205,127.004876,중구
37.564103,127.018843,중구
37.551074,,중구
37.564736,126.9878944,중구
37.5606932,127.0203973,중구
37.560464,127.0181196,중구
37.563458,126.971326,중구
37.565975,126.989627,중구
37.56525562,126.9888396,중구
37.56350445,127.0030963,중구
37.56833476,126.979038,중구
37.56883648,126.9776038,중구
37.564064,126.968591,중구
37.568003,126.9747535,중구
,,중구
37.552473,126.963143,중구
37.55304171,126.9635945,중구
37.567911,126.980148,중구
37.5631062,126.9752236,중구
,,중구
,,중구
37.5554795,126.9648157,중구
37.56056785,126.9688672,중구
37.568073,126.985152,중구
37.56013992,126.9715294,중구
37.564745,126.986445,중구
,,중구
,,중구
37.55783853,126.9744151,중구
37.58411925,127.1078998,중랑구
37.60823987,127.0841101,중랑구
37.61374917,127.0892086,중랑구
37.61163479,127.0974178,중랑구
37.61163479,127.0974178,중랑구
37.61033,127.0961,중랑구
37.61535601,127.1070691,중랑구
37.61401402,127.1123054,중랑구
37.61671,127.0848,중랑구
37.61703,127.0881,중랑구
37.61562,127.0912,중랑구
37.59121,127.0991,중랑구
37.59217,127.0952,중랑구
37.59336,127.1008,중랑구
37.59357,127.0953,중랑구
37.60449,127.0978,중랑구
37.61324,127.0941,중랑구
37.60835,127.099845,중랑구
37.60343,127.0897,중랑구
37.60126,127.1065,중랑구
37.5895,127.0859,중랑구
37.5903,127.0891,중랑구
37.58794,127.0932,중랑구
37.57707,127.0844,중랑구
37.58865,127.081,중랑구
37.58564,127.0819,중랑구
37.58564,127.0913,중랑구
37.58989,127.0832,중랑구
37.5835,127.0872,중랑구
37.57303,127.0833,중랑구
37.5845,127.0779,중랑구
37.58928,127.0957,중랑구
37.59145,127.0925,중랑구
37.58813,127.0769,중랑구
37.58699,127.1003,중랑구
37.59502,127.0848,중랑구
37.59309,127.0825,중랑구
37.5919,127.0739,중랑구
37.59811,127.0774,중랑구
37.59811,127.0774,중랑구
37.5957,127.0728,중랑구
37.60415,127.075,중랑구
37.59918,127.0738,중랑구
37.6011,127.0858,중랑구
37.61109,127.0749,중랑구
37.61143,127.0791,중랑구
37.5977,127.0966,중랑구
37.59903,127.1033,중랑구
37.60238,127.1027,중랑구
37.582683,127.081315,중랑구
37.612574,127.078524,중랑구
37.615572,127.078098,중랑구
37.611736,127.077666,중랑구
37.57196989,127.0864508,중랑구
37.578874,126.883114,마포구
37.572886,126.892089,마포구
37.58279034,126.8837149,마포구
27.551606,126.929047,마포구
37.58478822,126.8830892,마포구
37.562015,126.909591,마포구
37.552946,126.950353,마포구
37.566233,126.906012,마포구
37.552734,126.942271,마포구
37.550143,126.953133,마포구
37.544846,126.95128,마포구
37.53582016,126.943694,마포구
37.538997,126.9463517,마포구
37.541067,126.9453426,마포구
37.54035817,126.94508,마포구
37.543693,126.94354,마포구
37.544319,126.933312,마포구
37.550165,126.929106,마포구
37.54883125,126.925367,마포구
37.55202007,126.915455,마포구
37.554569,126.912702,마포구
37.55701305,126.9256552,마포구
37.560087,126.9234345,마포구
37.551803,126.913019,마포구
37.55035465,126.9084445,마포구
37.55468956,126.9080164,마포구
37.55485,126.902013,마포구
37.560124,126.901229,마포구
37.559039,126.898507,마포구
37.55950711,126.918761,마포구
37.56462924,126.9224169,마포구
37.5622309,126.9154619,마포구
37.563154,126.909348,마포구
37.562772,126.907695,마포구
37.568088,126.914754,마포구
37.568996,126.907334,마포구
37.56775,126.908231,마포구
37.56573,126.906759,마포구
37.565334,126.904856,마포구
37.570632,126.9067005,마포구
37.568444,126.910444,마포구
37.56987,126.906734,마포구
37.569866,126.909184,마포구
37.575462,126.898158,마포구
37.577092,126.895682,마포구
37.575369,126.892436,마포구
37.577609,126.887896,마포구
37.581414,126.880724,마포구
37.587419,126.880169,마포구
37.585402,126.879329,마포구
37.583562,126.877805,마포구
37.552936,126.960269,마포구
37.552166,126.950353,마포구
37.540594,126.943573,마포구
37.55514,126.957944,마포구
37.5520894,126.9042984,마포구
37.549462,126.930847,마포구
37.550357,126.933798,마포구
37.548495,126.954555,마포구
37.544549,126.95506,마포구
37.548684,126.953369,마포구
37.551895,126.954392,마포구
37.554446,126.953151,마포구
37.541796,126.942213,마포구
37.542972,126.940505,마포구
37.548456,126.94127,마포구
37.545831,126.936606,마포구
37.545914,126.926341,마포구
37.545877,126.927148,마포구
37.57522,126.896318,마포구
37.542863,126.934305,마포구
37.554664,126.934783,마포구
37.552568,126.934154,마포구
37.554421,,마포구
37.54279,126.93184,마포구
37.545245,126.930993,마포구
37.545333,126.920097,마포구
37.581753,126.887402,마포구
37.578064,126.892346,마포구
37.579488,126.893891,마포구
37.58479973,126.8781707,마포구
37.5521432,126.9229711,마포구
37.545496,126.911199,마포구
37.546644,126.911274,마포구
37.691731,127.065515,노원구
37.65550096,127.0810225,노원구
37.66943924,127.0504402,노원구
37.66649572,127.0523447,노원구
37.66026965,127.0682478,노원구
37.65043289,127.0627594,노원구
37.64826016,127.0582136,노원구
37.647836,127.063375,노원구
37.66093573,127.0625889,노원구
37.6389605,127.0663451,노원구
37.65794941,127.0763791,노원구
37.64815756,127.0706995,노원구
37.64545773,127.0748358,노원구
37.64032293,127.0768027,노원구
37.63840362,127.0737511,노원구
37.621011,127.086191,노원구
37.648772,127.066378,노원구
37.644627,127.050756,노원구
,127.074375,노원구
37.63120699,127.0502962,노원구
37.68028549,127.0571649,노원구
37.64560941,127.0627148,노원구
37.62307787,127.0893658,노원구
37.62358892,127.0687828,노원구
37.68621458,127.0528727,노원구
37.62834719,127.057541,노원구
37.6199195,127.0613588,노원구
37.61923977,127.0565452,노원구
37.621223,127.061511,노원구
37.622475,127.061115,노원구
37.620463,,노원구
37.62204782,127.0727758,노원구
37.626075,127.076269,노원구
37.620616,127.080912,노원구
,127.070626,노원구
37.627948,,노원구
37.620875,127.077792,노원구
37.619274,127.072179,노원구
37.63626171,127.0737468,노원구
37.636208,127.074429,노원구
37.659759,127.073652,노원구
37.660449,127.074849,노원구
37.665643,127.069377,노원구
37.676184,,노원구
37.668711,127.051065,노원구
37.670672,127.055457,노원구
37.670404,127.0527266,노원구
37.66985723,127.0587456,노원구
37.66045209,127.0701063,노원구
37.66649572,127.0523447,노원구
37.66595352,127.054659,노원구
37.67163547,127.0802081,노원구
,127.062134,노원구
37.66040664,127.0703242,노원구
37.663114,127.054325,노원구
37.662832,127.056156,노원구
37.66461677,127.0598168,노원구
37.659215,127.056661,노원구
37.66067691,127.0614956,노원구
37.657597,127.061419,노원구
37.65081661,127.0561522,노원구
37.65081661,127.0561522,노원구
37.663904,127.070802,노원구
37.657044,127.063773,노원구
37.649189,,노원구
37.64826016,127.0582136,노원구
37.64894575,127.0623792,노원구
37.651419,127.066706,노원구
37.64630799,127.0589575,노원구
37.64771001,127.0600193,노원구
37.64282684,127.0612846,노원구
,127.063877,노원구
37.635775,127.071745,노원구
37.632545,127.068884,노원구
37.632125,127.065536,노원구
37.637209,127.063565,노원구
37.645726,127.063897,노원구
37.653291,127.076551,노원구
37.65110792,127.0795991,노원구
37.64906203,127.0759522,노원구
37.649149,,노원구
37.64636938,127.0727769,노원구
37.642702,127.074639,노원구
37.63982606,127.0711674,노원구
37.645653,127.063918,노원구
37.64133774,127.0756469,노원구
37.659422,127.078291,노원구
37.637236,127.076206,노원구
37.63323384,127.059006,노원구
37.62924721,127.0596641,노원구
37.628506,127.062649,노원구
37.630056,127.069333,노원구
37.629492,127.051492,노원구
37.627294,,노원구
37.628223,127.053326,노원구
37.621233,127.088325,노원구
37.633968,127.051593,노원구
37.630951,127.051435,노원구
37.679354,127.052508,노원구
37.681559,,노원구
37.680681,127.056433,노원구
37.682985,,노원구
37.629994,,노원구
37.667745,127.083008,노원구
37.677909,127.051722,노원구
37.620667,127.083239,노원구
37.624297,127.087923,노원구
37.627153,127.087008,노원구
37.625886,127.092799,노원구
37.664545,127.078662,노원구
37.686646,127.054065,노원구
37.672626,127.084642,노원구
37.669984,127.083156,노원구
37.672443,127.078763,노원구
37.631779,127.056928,노원구
37.620846,127.054295,노원구
37.645138,127.067002,노원구
37.630703,127.073576,노원구
37.641006,127.066731,노원구
37.644092,127.058495,노원구
37.6252322,127.0824258,노원구
37.6637948,127.0686244,노원구
37.6620411,127.0640185,노원구
37.6654563,127.0645187,노원구
37.6609624,127.0600221,노원구
37.6630485,127.0668825,노원구
37.6623018,127.0697753,노원구
37.6764803,127.0528561,노원구
37.6661136,127.0779886,노원구
37.6305209,127.0733564,노원구
37.6442217,127.0858189,노원구
37.6185097,127.0739979,노원구
37.6544716,127.0558664,노원구
37.6504711,127.0687971,노원구
37.6273445,127.0667338,노원구
37.6628034,127.0691184,노원구
37.6230016,127.0565438,노원구
37.6237113,127.0730272,노원구
37.6199177,127.0803228,노원구
37.6158359,127.0653765,노원구
37.614357,127.063579,노원구
37.6244492,127.0514471,노원구
37.6267847,127.0473737,노원구
37.650998,127.078152,노원구
37.6583522,127.070025,노원구
37.6746143,127.0594044,노원구
37.6743328,127.0570198,노원구
37.6766918,127.0559842,노원구
37.6499424,127.0669143,노원구
37.6588071,127.0662972,노원구
37.6558384,127.0666435,노원구
37.6562311,127.065035,노원구
37.6568074,127.0653529,노원구
,127.0769837,노원구
37.6629941,,노원구
37.6591731,127.0638398,노원구
37.6618373,127.0651416,노원구
37.6152248,127.0617433,노원구
37.6173359,127.0738809,노원구
37.6635348,127.0693311,노원구
37.6242708,,노원구
37.6257112,127.0470189,노원구
37.6324586,127.0405079,노원구
37.6291395,127.0434113,노원구
37.6464965,127.080867,노원구
37.649804,127.084306,노원구
37.6619714,127.0665669,노원구
37.6661168,127.0658531,노원구
37.6613963,127.0653931,노원구
37.64511693,127.0669216,노원구
37.66414754,127.0622021,노원구
37.66154332,127.0625264,노원구
37.66752735,127.0770827,노원구
37.66443274,127.0745684,노원구
37.5568595,126.935161,서대문구
37.5687539,126.9195783,서대문구
37.560086,126.950691,서대문구
37.557667,126.945455,서대문구
37.595074,126.947351,서대문구
37.59743951,126.948142,서대문구
37.582687,126.919472,서대문구
37.5906206,126.9333684,서대문구
37.571323,126.928045,서대문구
37.568975,126.930386,서대문구
37.571041,126.933593,서대문구
37.574059,126.937078,서대문구
37.567723,126.921481,서대문구
37.580122,126.9083536,서대문구
37.58239064,126.9104505,서대문구
37.576037,126.934403,서대문구
37.582955,126.944622,서대문구
37.582828,126.942227,서대문구
37.57799976,126.9291972,서대문구
37.580074,126.926801,서대문구
37.582234,126.9240153,서대문구
37.579028,126.919623,서대문구
37.578165,126.925305,서대문구
37.594473,126.943334,서대문구
37.558263,126.940192,서대문구
37.57460779,126.9556111,서대문구
37.57586791,126.9205476,서대문구
37.57778288,126.9177748,서대문구
37.557916,126.940528,서대문구
37.594742,126.952997,서대문구
37.561914,126.965897,서대문구
37.571549,126.960378,서대문구
37.572082,126.923258,서대문구
37.579749,126.916819,서대문구
37.601593,126.950296,서대문구
37.58479825,126.9473735,서대문구
37.575022,126.913255,서대문구
37.572759,126.912994,서대문구
37.574799,126.909632,서대문구
37.599599,126.943412,서대문구
37.585332,126.913284,서대문구
37.594545,126.948792,서대문구
37.57089843,126.9165627,서대문구
37.58489844,126.9401841,서대문구
37.59385753,126.942133,서대문구
37.57202956,126.913955,서대문구
37.57331723,126.9192627,서대문구
37.55849107,126.9517607,서대문구
37.55900376,126.955252,서대문구
37.55832008,126.9522503,서대문구
37.56181347,126.9551252,서대문구
37.55768632,126.9559516,서대문구
37.58077778,126.9197414,서대문구
37.57760952,126.9178882,서대문구
37.57668706,126.9300362,서대문구
37.600528,127.023636,성북구
37.61087062,127.0406998,성북구
37.59741206,127.0257184,성북구
37.604661,127.056385,성북구
37.604825,127.032787,성북구
37.610105,127.0359869,성북구
37.58287149,127.0178925,성북구
37.58323585,127.01039,성북구
37.585257,127.021534,성북구
37.580024,127.023018,성북구
37.60812583,126.9986863,성북구
37.606265,127.034528,성북구
37.607541,127.039921,성북구
37.605878,127.048602,성북구
37.60920187,127.045461,성북구
37.616598,127.043486,성북구
37.614016,127.064186,성북구
37.605054,127.052698,성북구
37.600751,127.025382,성북구
37.600081,127.037198,성북구
37.608108,127.021295,성북구
37.608493,127.020925,성북구
37.605709,127.013686,성북구
37.604746,127.014971,성북구
37.5838591,127.017073,성북구
37.62144056,127.0463288,성북구
37.608453,127.054559,성북구
37.60011962,127.0207412,성북구
37.599243,127.031027,성북구
37.602273,127.033882,성북구
37.607521,127.018009,성북구
37.607521,127.018009,성북구
37.599625,127.038799,성북구
37.599625,127.038799,성북구
37.609589,127.018679,성북구
37.609589,127.018679,성북구
37.604178,127.041001,성북구
37.607521,127.018009,성북구
37.607521,127.018009,성북구
37.5880187,127.012142,성북구
37.586644,127.012756,성북구
37.586644,127.012756,성북구
37.60504961,127.022011,성북구
37.61846189,127.0045308,성북구
37.58287149,127.0178925,성북구
37.6108385,127.0245875,성북구
37.612095,126.985863,성북구
37.6093012,127.052577,성북구
37.6093807,127.026312,성북구
37.6196908,127.0431887,성북구
37.5931371,126.9871874,성북구
37.62301953,127.0060971,성북구
37.5931371,126.9871874,성북구
37.55374193,127.0273495,성동구
37.5433496,127.0193024,성동구
37.56123125,127.0259523,성동구
37.54904117,127.0190199,성동구
37.56999106,127.0468202,성동구
37.54477086,127.0518411,성동구
37.55011556,127.0499031,성동구
37.56622804,127.0456969,성동구
37.551699,127.035857,성동구
37.563417,127.047606,성동구
37.56233458,127.0415003,성동구
37.54195313,127.0606155,성동구
37.54369439,127.0537509,성동구
37.54732598,127.0646691,성동구
37.53962218,127.056782,성동구
37.54866971,127.0318722,성동구
37.57152303,127.0374347,성동구
37.55519167,127.0703837,성동구
37.56051006,127.0235037,성동구
37.55433983,127.0348842,성동구
37.54753298,127.0483982,성동구
37.56613727,127.0381819,성동구
37.54157394,127.0534386,성동구
37.55480888,127.0273997,성동구
37.56550468,127.031418,성동구
37.55573009,127.0335764,성동구
37.54942229,127.0256915,성동구
37.55751131,127.0250458,성동구
37.56781934,127.0278897,성동구
37.55467447,127.0404902,성동구
37.54524583,127.0474356,성동구
37.54599593,127.0587894,성동구
37.54703666,127.0533154,성동구
37.5522684,127.0694222,성동구
37.55306047,127.0214356,성동구
37.55054813,127.0213924,성동구
37.5458337,127.0153489,성동구
37.54729549,127.0121475,성동구
37.56067856,127.0268748,성동구
37.56782502,127.0250536,성동구
37.56782502,127.0250536,성동구
37.56781934,127.0278905,성동구
37.54733277,127.0235968,성동구
37.5665905,127.0240825,성동구
37.5667467,127.0278177,성동구
37.53923821,127.0446715,성동구
37.56007539,127.0241246,성동구
37.5555693,127.0320798,성동구
37.498469,127.125124,송파구
37.507553,127.094089,송파구
37.493407,127.130026,송파구
37.497007,127.140981,송파구
37.491603,127.123473,송파구
37.478823,127.121867,송파구
37.477494,127.121588,송파구
,127.159264,송파구
37.50381027,127.141799,송파구
37.506226,127.114485,송파구
37.490102,,송파구
37.50128584,127.1456483,송파구
37.509512,127.088858,송파구
37.499035,127.138842,송파구
37.486486,127.128916,송파구
37.51435318,127.1136443,송파구
37.50811694,127.132113,송파구
,127.087117,송파구
37.513893,127.081956,송파구
37.50179286,127.0933328,송파구
,127.104153,송파구
37.48259805,127.1208964,송파구
,127.118895,송파구
37.50633354,127.110451,송파구
37.51210416,127.1077049,송파구
37.48970385,127.111231,송파구
37.51068203,127.0759347,송파구
37.48549791,127.1290239,송파구
37.499994,127.134853,송파구
37.519872,127.110152,송파구
37.50167671,127.123153,송파구
37.50621827,127.084165,송파구
37.480889,127.1304766,송파구
37.484721,127.134551,송파구
37.500386,127.158815,송파구
37.525399,127.115349,송파구
37.538571,127.121876,송파구
37.519327,127.106665,송파구
37.503994,127.115461,송파구
37.479138,127.124506,송파구
37.490675,127.113846,송파구
37.505504,127.140584,송파구
37.508629,127.129299,송파구
37.482425,127.1283131,송파구
37.4921999,127.146735,송파구
37.501648,127.119522,송파구
37.492626,127.142797,송파구
37.51190919,127.1177088,송파구
37.490223,127.112375,송파구
37.503194,127.141109,송파구
37.501606,127.086687,송파구
37.501303,127.152676,송파구
37.487571,127.133988,송파구
37.493129,127.133207,송파구
37.497024,127.132107,송파구
37.499584,127.159557,송파구
37.5006205,127.103249,송파구
37.492001,127.155103,송파구
37.50991906,127.1070996,송파구
37.492376,127.145466,송파구
37.512891,127.114841,송파구
37.493062,127.127074,송파구
37.481238,127.128143,송파구
37.487938,127.124078,송파구
37.513395,127.110304,송파구
37.500653,127.122796,송파구
37.490834,127.147076,송파구
37.501549,127.115347,송파구
37.478761,127.133147,송파구
37.501638,127.140281,송파구
37.506812,127.131379,송파구
37.496495,127.119238,송파구
37.505621,127.079254,송파구
37.512742,127.123352,송파구
37.494525,127.117497,송파구
37.507773,127.081067,송파구
37.499464,127.092841,송파구
37.505115,127.091718,송파구
37.501768,127.090203,송파구
37.506232,127.095323,송파구
37.508222,127.086579,송파구
37.494731,127.125727,송파구
37.504924,127.112862,송파구
37.497957,127.121754,송파구
37.496755,127.1339104,송파구
37.505901,127.099748,송파구
37.496925,127.149266,송파구
37.478959,127.129415,송파구
37.509068,127.123519,송파구
37.489004,127.126227,송파구
,127.082434,송파구
37.508126,,송파구
37.504704,127.137384,송파구
37.532301,127.112232,송파구
37.503279,127.106998,송파구
37.502813,127.135319,송파구
37.497609,127.126718,송파구
37.507278,127.113002,송파구
37.495077,127.142517,송파구
37.509534,127.115877,송파구
37.506227,127.133895,송파구
37.50612827,127.1023092,송파구
37.499753,127.148556,송파구
37.534281,127.112122,송파구
37.51120967,127.125048,송파구
37.497372,127.144299,송파구
37.499678,127.115427,송파구
37.503675,127.086313,송파구
37.494277,127.159174,송파구
37.495639,127.156954,송파구
37.498054,127.142529,송파구
37.504086,,송파구
37.494001,127.135365,송파구
37.492637,127.124131,송파구
37.485466,,송파구
37.484765,127.124969,송파구
37.489698,127.144382,송파구
37.487446,,송파구
37.489845,,송파구
37.501139,127.1247542,송파구
37.485786,,송파구
37.498552,127.155809,송파구
37.516291,127.112151,송파구
37.507619,127.136866,송파구
,127.144058,송파구
37.492024,127.157195,송파구
37.535938,127.121564,송파구
37.49761457,127.1025318,송파구
37.484857,127.113722,송파구
,127.154217,송파구
37.483179,127.144136,송파구
37.490844,127.139533,송파구
,127.136184,송파구
37.512706,127.095491,송파구
37.494489,127.147614,송파구
37.49761457,127.1025318,송파구
37.487357,127.134752,송파구
,127.152664,송파구
37.518732,,송파구
37.518792,127.108557,송파구
37.518333,127.099146,송파구
37.520392,127.103546,송파구
37.496441,,송파구
37.491039,127.156702,송파구
37.494838,127.155509,송파구
37.494411,127.156222,송파구
37.491148,127.157751,송파구
37.497464,127.154635,송파구
37.487951,127.133264,송파구
37.513067,127.098124,송파구
37.477529,127.141005,송파구
37.516022,127.101762,송파구
,127.146847,송파구
37.50757311,127.1181634,송파구
37.50214179,127.102815,송파구
37.500542,127.139533,송파구
37.520341,127.115518,송파구
37.499063,127.088061,송파구
37.494278,127.156245,송파구
37.533508,126.864686,양천구
37.536923,126.868305,양천구
37.538689,126.864464,양천구
37.535067,126.872941,양천구
37.531972,126.870154,양천구
37.533387,126.878583,양천구
37.534427,126.882744,양천구
37.539933,126.879386,양천구
37.537814,126.875231,양천구
37.535171,126.885482,양천구
37.527015,126.838167,양천구
37.528711,126.837905,양천구
37.529181,126.835481,양천구
37.531941,126.835812,양천구
37.534828,126.832752,양천구
37.526252,126.845112,양천구
37.524231,126.842737,양천구
37.526443,126.848436,양천구
37.532106,126.828788,양천구
37.534821,126.826044,양천구
37.535262,126.868644,양천구
37.521202,126.842733,양천구
37.519986,126.842014,양천구
37.524353,126.838614,양천구
37.524405,126.840798,양천구
37.518649,126.840006,양천구
37.538178,126.831469,양천구
37.541496,126.828616,양천구
37.538641,126.828308,양천구
37.539399,126.833858,양천구
37.515669,126.838421,양천구
37.515639,126.836422,양천구
37.523024,126.833504,양천구
37.518409,126.837199,양천구
37.521748,126.862147,양천구
37.519271,126.854392,양천구
37.520069,126.864623,양천구
37.517709,126.862844,양천구
37.517641,126.858518,양천구
37.519694,126.854131,양천구
37.521691,126.875895,양천구
37.520437,126.874778,양천구
37.521702,126.848443,양천구
37.514092,126.854244,양천구
37.511603,126.837445,양천구
37.512521,126.837529,양천구
37.508919,126.843669,양천구
37.511317,126.839385,양천구
37.512571,126.831703,양천구
37.514551,126.830941,양천구
37.522027,126.855022,양천구
37.524029,126.857728,양천구
37.524593,126.856172,양천구
37.525063,126.861828,양천구
37.505895,126.840021,양천구
37.527761,126.873091,양천구
37.541663,126.875061,양천구
37.546529,126.879301,양천구
37.543331,126.868045,양천구
37.534645,126.877186,양천구
37.538161,126.885426,양천구
37.524918,126.833053,양천구
37.522204,126.830867,양천구
37.519698,126.832681,양천구
37.521068,126.836526,양천구
37.519783,126.834992,양천구
37.518124,126.867861,양천구
37.514686,126.856359,양천구
37.517521,126.833892,양천구
37.513745,126.844816,양천구
37.512951,126.840441,양천구
37.514067,126.830401,양천구
37.508129,126.869032,양천구
37.528935,126.867044,양천구
37.541877,126.864247,양천구
37.549391,126.865352,양천구
37.545356,126.864912,양천구
37.527272,126.861874,양천구
37.526441,126.858307,양천구
37.527336,126.851231,양천구
37.527916,126.856519,양천구
37.528547,126.862274,양천구
37.526494,126.855036,양천구
37.521912,126.867457,양천구
37.513482,126.866021,양천구
37.514958,126.868243,양천구
37.516283,126.869774,양천구
37.516283,126.869774,양천구
37.515672,126.873427,양천구
37.511439,126.858322,양천구
37.512426,126.861336,양천구
37.506814,126.864025,양천구
37.517502,126.848298,양천구
37.50612432,126.8339302,양천구
,,양천구
37.546104,126.865222,양천구
37.510022,126.922218,영등포구
37.5166297,126.9290797,영등포구
37.517456,126.894267,영등포구
37.501712,126.905408,영등포구
37.52521794,126.8951468,영등포구
37.506992,126.915244,영등포구
37.521363,126.904164,영등포구
37.52135273,126.9373261,영등포구
37.521353,126.937326,영등포구
37.532972,126.906681,영등포구
37.523205,126.888303,영등포구
37.496859,126.902594,영등포구
37.492834,126.899215,영등포구
37.511577,126.907115,영등포구
37.491332,126.903016,영등포구
37.525743,126.905848,영등포구
37.497618,126.899642,영등포구
37.498712,126.897293,영등포구
37.495428,126.897371,영등포구
37.503539,126.899081,영등포구
37.548968,126.881219,영등포구
37.516127,126.912126,영등포구
37.538015,126.898077,영등포구
37.510097,126.903895,영등포구
37.519919,126.911497,영등포구
37.503103,126.908722,영등포구
37.519657,126.886842,영등포구
37.514461,126.888327,영등포구
37.513622,126.890546,영등포구
37.531174,126.900161,영등포구
37.504367,126.906287,영등포구
37.533517,126.900642,영등포구
37.495012,126.903451,영등포구
37.509476,126.9021917,영등포구
37.531292,126.897689,영등포구
37.527424,126.902467,영등포구
37.532814,126.900128,영등포구
37.516668,126.886814,영등포구
37.528846,126.903737,영등포구
37.501274,126.916358,영등포구
37.504638,126.906631,영등포구
37.522483,126.908131,영등포구
37.50373971,126.9175044,영등포구
37.503015,126.920286,영등포구
37.503954,126.914794,영등포구
37.53047853,126.9029504,영등포구
37.494598,126.908478,영등포구
37.502528,126.912451,영등포구
37.502802,126.911686,영등포구
37.504178,126.906844,영등포구
37.544278,126.959255,용산구
37.548319,126.9763669,용산구
37.53479369,126.956553,용산구
37.553546,126.968318,용산구
37.55008633,126.973945,용산구
37.538407,126.989041,용산구
37.552563,126.974476,용산구
37.542772,126.9685904,용산구
37.535079,126.966284,용산구
37.543563,126.989243,용산구
37.520795,126.971721,용산구
37.526961,126.954522,용산구
37.534406,126.975392,용산구
37.544987,127.005304,용산구
37.517396,126.983984,용산구
37.552054,126.972944,용산구
37.54303936,126.9590411,용산구
37.518766,126.979792,용산구
,126.967852,용산구
37.537154,126.954784,용산구
37.521338,126.975039,용산구
37.537229,126.973668,용산구
,126.954089,용산구
37.524782,126.971191,용산구
37.525769,126.969661,용산구
37.536628,126.969795,용산구
37.551285,126.964252,용산구
,126.983716,용산구
37.522342,126.971394,용산구
37.517808,126.977372,용산구
37.520626,,용산구
37.521114,126.965902,용산구
37.517137,126.981103,용산구
37.539145,126.970123,용산구
37.538428,126.969601,용산구
37.538165,126.969201,용산구
37.541384,126.991614,용산구
37.534469,127.012481,용산구
37.537238,127.013882,용산구
37.535685,126.989937,용산구
37.524103,126.963575,용산구
37.535801,126.989755,용산구
37.47,127.0,서초구
37.43,127.04,서초구
37.44,127.06,서초구
37.47,127.06,서초구
37.48,126.99,서초구
37.47,126.99,서초구
37.48,127.03,서초구
37.48,127.0,서초구
37.47,126.99,서초구
37.48,127.02,서초구
37.44,127.05,서초구
37.47,127.02,서초구
37.66,126.88,서초구
37.49,127.02,서초구
37.49,127.02,서초구
37.51,127.01,서초구
37.51,127.01,서초구
37.51,127.01,서초구
37.51,127.01,서초구
37.5,126.99,서초구
37.49,127.0,서초구
37.49,126.99,서초구
37.5,127.01,서초구
37.5,127.0,서초구
37.47,126.98,서초구
37.47,126.98,서초구
37.47,127.03,서초구
37.47,127.03,서초구
37.47,127.03,서초구
37.46,127.01,서초구
37.46,127.02,서초구
37.46,127.01,서초구
37.46,127.01,서초구
37.47,127.04,서초구
37.47,127.03,서초구
37.47,127.04,서초구
37.47,127.04,서초구
37.48,127.01,서초구
37.48,127.02,서초구
37.48,127.03,서초구
37.48,127.02,서초구
37.48,127.01,서초구
37.48,127.01,서초구
37.49,127.01,서초구
37.48,127.0,서초구
37.48,127.01,서초구
37.48,127.0,서초구
37.49,127.01,서초구
37.49,127.01,서초구
37.49,127.01,서초구
37.51,127.01,서초구
37.51,127.01,서초구
37.5,126.98,서초구
37.5,126.98,서초구
37.5,126.98,서초구
37.49,126.98,서초구
37.5,126.98,서초구
37.5,126.99,서초구
37.5,127.01,서초구
37.5,127.02,서초구
37.5,126.99,서초구
37.51,127.01,서초구
37.51,127.0,서초구
37.5,127.0,서초구
37.5,127.0,서초구
37.5,127.0,서초구
37.49,126.99,서초구
37.49,127.0,서초구
37.5,127.01,서초구
37.49,126.98,서초구
37.48,126.99,서초구
37.48,126.99,서초구
37.48,126.98,서초구
37.48,126.99,서초구
37.48,126.99,서초구
37.46,126.98,서초구
37.48,126.98,서초구
37.48,126.99,서초구
37.47,126.99,서초구
37.47,126.99,서초구
37.49,126.98,서초구
37.48,126.98,서초구
37.47,127.03,서초구
37.47,127.02,서초구
37.46,127.01,서초구
37.45,127.01,서초구
37.46,127.01,서초구
37.48,127.03,서초구
37.47,127.04,서초구
37.47,127.03,서초구
37.47,127.02,서초구
37.47,127.02,서초구
37.47,127.02,서초구
37.46,127.01,서초구
37.45,127.01,서초구
37.44,127.05,서초구
37.47,127.04,서초구
37.46,127.03,서초구
37.46,127.04,서초구
37.47,127.04,서초구
37.47,127.04,서초구
37.47,127.04,서초구
37.47,127.04,서초구
37.46,127.04,서초구
37.46,127.03,서초구
37.66,126.88,서초구
37.67,126.87,서초구
37.67,126.87,서초구
37.43,127.06,서초구
37.46,127.05,서초구
37.45,127.06,서초구
37.45,127.06,서초구
37.46,127.07,서초구
37.45,127.07,서초구
37.45,127.06,서초구
37.45,127.06,서초구
37.46,127.07,서초구
37.49,127.02,서초구
37.47,127.0,서초구
37.44,127.05,서초구
37.49,127.0,서초구
37.49,127.0,서초구
37.51,127.01,서초구
37.51,127.01,서초구
37.5,127.01,서초구
37.48,126.98,서초구
37.46,127.01,서초구
37.46,127.01,서초구
37.46,127.05,서초구
37.46,127.05,서초구
37.45,127.06,서초구
37.44,127.05,서초구
37.44,127.05,서초구
37.51,127.0,서초구
37.51,127.01,서초구
37.48,126.99,서초구
37.5,127.0,서초구
37.48,127.02,서초구
37.46,127.03,서초구
37.46,127.02,서초구
37.45,127.06,서초구
37.45,127.05,서초구
37.45,127.04,서초구
